Task ID,Area,Task,Requirements,Difficulty,Points,Combat Mastery
0,General,Achieve your First Level Up,,Easy,10,
1,General,Achieve your First Level 5,,Easy,10,
2,General,Achieve your First Level 10,,Easy,10,
3,General,Achieve your First Level 15,,Easy,10,
4,General,Achieve your First Level 20,,Easy,10,
5,General,Achieve your First Level 25,,Easy,10,
6,General,Achieve your First Level 30,,Medium,30,
7,General,Achieve your First Level 35,,Medium,30,
8,General,Achieve your First Level 40,,Medium,30,
9,General,Achieve your First Level 45,,Medium,30,
10,General,Achieve your First Level 50,,Medium,30,
11,General,Achieve your First Level 55,,Medium,30,
12,General,Achieve your First Level 60,,Hard,80,
13,General,Achieve your First Level 65,,Hard,80,
14,General,Achieve your First Level 70,,Hard,80,
15,General,Achieve your First Level 75,,Hard,80,
16,General,Achieve your First Level 80,,Hard,80,
17,General,Achieve your First Level 85,,Elite,200,
18,General,Achieve your First Level 90,,Elite,200,
19,General,Achieve your First Level 95,,Master,400,
20,General,Achieve your First Level 99,,Master,400,
21,General,Base Level 5,,Easy,10,
22,General,Base Level 10,,Easy,10,
23,General,Base Level 15,,Easy,10,
24,General,Base Level 20,,Easy,10,
25,General,Base Level 25,,Easy,10,
26,General,Base Level 30,,Medium,30,
27,General,Base Level 35,,Medium,30,
28,General,Base Level 40,,Medium,30,
29,General,Base Level 45,,Medium,30,
30,General,Base Level 50,,Medium,30,
31,General,Base Level 55,,Medium,30,
32,General,Base Level 60,,Hard,80,
33,General,Base Level 65,,Hard,80,
34,General,Base Level 70,,Hard,80,
35,General,Base Level 75,,Hard,80,
36,General,Base Level 80,,Elite,200,
37,General,Base Level 85,,Elite,200,
38,General,Base Level 90,,Elite,200,
39,General,Base Level 95,,Master,400,
40,General,Reach Total Level 2277,,Master,400,
41,General,Pickpocket a Citizen,,Easy,10,
42,General,Pickpocket a Farmer,10 Thieving,Easy,10,
43,General,Pickpocket a HAM follower,15 Thieving,Easy,10,
44,General,Pickpocket a Warrior,25 Thieving,Easy,10,
45,General,Pickpocket a Villager,30 Thieving,Medium,30,
46,General,Pickpocket a Master Farmer,38 Thieving,Medium,30,
47,General,Pickpocket a Guard,40 Thieving,Medium,30,
48,General,Pickpocket a Fremennik,45 Thieving,Medium,30,
49,General,Pickpocket a Wealthy Citizen,50 Thieving,Medium,30,
50,General,Pickpocket a Desert bandit,53 Thieving,Medium,30,
51,General,Pickpocket a Knight,55 Thieving,Medium,30,
52,General,Pickpocket a Paladin,70 Thieving,Hard,80,
53,General,Pickpocket a Gnome,75 Thieving,Hard,80,
54,General,Pickpocket a Hero,80 Thieving,Hard,80,
55,General,Pickpocket a Vyre,82 Thieving,Hard,80,
56,General,Pickpocket an Elf,85 Thieving,Elite,200,
57,General,Pickpocket a Tzhaar,90 Thieving,Elite,200,
58,General,Steal from a Vegetable stall,2 Thieving,Easy,10,
59,General,Steal from a Cake stall,5 Thieving,Easy,10,
60,General,Steal from a Tea stall,5 Thieving,Easy,10,
61,General,Steal from a Crafting stall,5 Thieving,Easy,10,
62,General,Steal from a Silk stall,20 Thieving,Easy,10,
63,General,Steal from a Wine stall,22 Thieving,Easy,10,
64,General,Steal from a Fruit stall,25 Thieving,Easy,10,
65,General,Steal from a Seed stall,27 Thieving,Easy,10,
66,General,Steal from a Fur stall,35 Thieving,Medium,30,
67,General,Steal from a Fish stall,42 Thieving,Medium,30,
68,General,Steal from a Silver stall,50 Thieving,Medium,30,
69,General,Steal from a Magic stall,65 Thieving,Hard,80,
70,General,Steal from a Gem stall,75 Thieving,Hard,80,
71,General,Mine Copper Ore,,Easy,10,
72,General,Mine Tin Ore,,Easy,10,
73,General,Mine Clay,,Easy,10,
74,General,Mine Iron Ore,15 Mining,Easy,10,
75,General,Mine Silver Ore,20 Mining,Easy,10,
76,General,Mine Coal,30 Mining,Medium,30,
77,General,Mine Gold Ore,40 Mining,Medium,30,
78,General,Mind Mithril Ore,55 Mining,Medium,30,
79,General,Mine Adamantite Ore,70 Mining,Hard,80,
80,General,Mine Runite Ore,85 Mining,Elite,200,
81,General,Mine Rune Essence,,Easy,10,
82,General,Mine Sandstone,35 Mining,Medium,30,
83,General,Mine Gem rocks,40 Mining,Medium,30,
84,General,Mine Granite,45 Mining,Medium,30,
85,General,Mine with a Steel pickaxe,6 Mining,Easy,10,
86,General,Mine with a Rune pickaxe,41 Mining,Medium,30,
87,General,Mine with a Dragon pickaxe,61 Mining,Hard,80,
88,General,Wield Mining gloves,20 Mining,Easy,10,
89,General,Enter the Mining Guild,60 Mining,Hard,80,
90,General,Mine a Shooting Star,10 Mining,Easy,10,
91,General,Chop a Tree,,Easy,10,
92,General,Chop an Oak Tree,15 Woodcutting,Easy,10,
93,General,Chop a Willow Tree,30 Woodcutting,Medium,30,
94,General,Chop a Teak Tree,35 Woodcutting,Medium,30,
95,General,Chop a Maple Tree,45 Woodcutting,Medium,30,
96,General,Chop a Mahogany Tree,50 Woodcutting,Medium,30,
97,General,Chop a Yew Tree,60 Woodcutting,Hard,80,
98,General,Chop a Magic Tree,75 Woodcutting,Hard,80,
99,General,Chop a Redwood Tree,90 Woodcutting,Elite,200,
100,General,Chop a tree with a Steel axe,6 Woodcutting,Easy,10,
101,General,Chop a tree with a Rune axe,41 Woodcutting,Medium,30,
102,General,Chop a tree with a Dragon axe,61 Woodcutting,Hard,80,
103,General,Wear a piece of Lumberjack,44 Woodcutting,Medium,30,
104,General,Chop 25 Trees,,Easy,10,
105,General,Chop 100 Trees,,Medium,30,
106,General,Chop 500 Trees,,Hard,80,
107,General,Fletch Arrow Shafts.,,Easy,10,
108,General,Fletch Headless Arrows.,,Easy,10,
109,General,Fletch Bronze Arrows.,,Easy,10,
110,General,Fletch Iron Arrows.,15 Fletching,Easy,10,
111,General,Fletch Steel Arrows.,30 Fletching,Medium,30,
112,General,Fletch Mithril Arrows.,45 Fletching,Medium,30,
113,General,Fletch Adamant Arrows.,60 Fletching,Hard,80,
114,General,Fletch Rune Arrows.,75 Fletching,Hard,80,
115,General,Fletch Bronze Bolts.,9 Fletching,Easy,10,
116,General,Fletch Steel Bolts.,35 Fletching,Medium,30,
117,General,Fletch Mithril Bolts.,45 Fletching,Medium,30,
118,General,Fletch Adamant Bolts.,61 Fletching,Hard,80,
119,General,Fletch Rune Bolts.,69 Fletching,Hard,80,
120,General,Fletch Shortbows.,5 Fletching,Easy,10,
121,General,Fletch Longbows.,10 Fletching,Easy,10,
122,General,Fletch Oak Shortbows.,20 Fletching,Easy,10,
123,General,Fletch Oak Longbows.,25 Fletching,Easy,10,
124,General,Fletch Willow Shortbows.,35 Fletching,Medium,30,
125,General,Fletch Willow Longbows.,40 Fletching,Medium,30,
126,General,Fletch Maple Shortbows.,50 Fletching,Medium,30,
127,General,Fletch Maple Longbows.,55 Fletching,Medium,30,
128,General,Fletch Yew Shortbows.,65 Fletching,Hard,80,
129,General,Fletch Yew Longbows.,70 Fletching,Hard,80,
130,General,Fletch Magic Shortbows.,80 Fletching,Hard,80,
131,General,Fletch Magic Longbows.,85 Fletching,Elite,200,
132,General,String a Shortbow.,5 Fletching,Easy,10,
133,General,String a Longbow.,10 Fletching,Easy,10,
134,General,String 100 Bows.,,Easy,10,
135,General,String 500 Bows.,,Medium,30,
136,General,"String 1,000 Bows.",,Hard,80,
137,General,Fletch 100 Arrow Shafts.,,Easy,10,
138,General,"Fletch 1,000 Arrow Shafts.",,Easy,10,
139,General,"Fletch 10,000 Arrow Shafts.",,Hard,80,
140,General,Fletch 100 Arrows.,,Easy,10,
141,General,"Fletch 1,000 Arrows.",,Medium,30,
142,General,"Fletch 10,000 Arrows.",,Hard,80,
143,General,Fletch 100 Bolts.,,Easy,10,
144,General,"Fletch 1,000 Bolts.",,Medium,30,
145,General,"Fletch 10,000 Bolts.",,Hard,80,
146,General,Light a Fire.,,Easy,10,
147,General,Burn Oak Logs.,15 Firemaking,Easy,10,
148,General,Burn Willow Logs.,30 Firemaking,Medium,30,
149,General,Burn Maple Logs.,45 Firemaking,Medium,30,
150,General,Burn Yew Logs.,60 Firemaking,Hard,80,
151,General,Burn Magic Logs.,75 Firemaking,Hard,80,
152,General,Burn 25 Logs.,,Easy,10,
153,General,Burn 100 Logs.,,Easy,10,
154,General,Burn 500 Logs.,,Medium,30,
155,General,"Burn 1,000 Logs.",,Hard,80,
156,General,"Burn 5,000 Logs.",,Elite,200,
157,General,Burn Regular Logs Without Failing.,,Easy,10,
158,General,Burn Oak Logs Without Failing.,20 Firemaking,Easy,10,
159,General,Burn Willow Logs Without Failing.,35 Firemaking,Medium,30,
160,General,Burn Maple Logs Without Failing.,50 Firemaking,Medium,30,
161,General,Burn Yew Logs Without Failing.,65 Firemaking,Hard,80,
162,General,Burn Magic Logs Without Failing.,85 Firemaking,Hard,80,
163,General,Catch a Shrimp.,,Easy,10,
164,General,Catch Anchovies.,15 Fishing,Easy,10,
165,General,Catch Sardines.,5 Fishing,Easy,10,
166,General,Catch Herring.,10 Fishing,Easy,10,
167,General,Catch Trout.,20 Fishing,Easy,10,
168,General,Catch Pike.,25 Fishing,Easy,10,
169,General,Catch Salmon.,30 Fishing,Medium,30,
170,General,Catch Tuna.,35 Fishing,Medium,30,
171,General,Catch Lobsters.,40 Fishing,Medium,30,
172,General,Catch Bass.,46 Fishing,Medium,30,
173,General,Catch Swordfish.,50 Fishing,Medium,30,
174,General,Catch Monkfish.,62 Fishing,Hard,80,
175,General,Catch Sharks.,76 Fishing,Hard,80,
176,General,Catch Anglerfish.,82 Fishing,Hard,80,
177,General,Catch Manta Rays.,81 Fishing,Hard,80,
178,General,Catch Dark Crabs.,85 Fishing,Hard,80,
179,General,Catch 25 Fish.,,Easy,10,
180,General,Catch 100 Fish.,,Easy,10,
181,General,Catch 500 Fish.,,Medium,30,
182,General,"Catch 1,000 Fish.",,Hard,80,
183,General,"Catch 5,000 Fish.",,Elite,200,
184,General,Catch Fish with a Small Net.,,Easy,10,
185,General,Catch Fish with Fly Fishing.,20 Fishing,Easy,10,
186,General,Catch Fish with a Harpoon.,35 Fishing,Medium,30,
187,General,Catch Fish with a Lobster Pot.,40 Fishing,Medium,30,
188,General,Catch Fish Barehanded.,55 Fishing,Medium,30,
189,General,Catch 100 Shrimp.,,Easy,10,
190,General,Catch 100 Trout.,20 Fishing,Easy,10,
191,General,Catch 250 Lobsters.,40 Fishing,Medium,30,
192,General,Catch 500 Swordfish.,55 Fishing,Medium,30,
193,General,Catch 250 Sharks.,76 Fishing,Hard,80,
194,General,Cook Shrimp.,,Easy,10,
195,General,Cook Anchovies.,,Easy,10,
196,General,Cook Sardines.,,Easy,10,
197,General,Cook Herring.,5 Cooking,Easy,10,
198,General,Cook Trout.,15 Cooking,Easy,10,
199,General,Cook Pike.,20 Cooking,Easy,10,
200,General,Cook Salmon.,25 Cooking,Easy,10,
201,General,Cook Tuna.,30 Cooking,Medium,30,
202,General,Cook Lobster.,40 Cooking,Medium,30,
203,General,Cook Bass.,43 Cooking,Medium,30,
204,General,Cook Swordfish.,45 Cooking,Medium,30,
205,General,Cook Monkfish.,62 Cooking,Hard,80,
206,General,Cook Shark.,80 Cooking,Hard,80,
207,General,Cook Anglerfish.,84 Cooking,Hard,80,
208,General,Cook Manta Rays.,91 Cooking,Elite,200,
209,General,Cook 25 Fish.,,Easy,10,
210,General,Cook 100 Fish.,15 Cooking,Easy,10,
211,General,Cook 500 Fish.,40 Cooking,Medium,30,
212,General,"Cook 1,000 Fish.",60 Cooking,Hard,80,
213,General,"Cook 5,000 Fish.",80 Cooking,Hard,80,
214,General,Cook Food on a Fire.,,Easy,10,
215,General,Cook Food on a Range.,,Easy,10,
216,General,Burn a Piece of Food.,,Easy,10,
217,General,Cook an Entire Inventory of Fish.,20 Cooking,Easy,10,
218,General,Make Bread.,,Easy,10,
219,General,Bake a Cake.,40 Cooking,Medium,30,
220,General,Bake a Pie.,30 Cooking,Medium,30,
221,General,Make Pizza.,35 Cooking,Medium,30,
222,General,Add Toppings to a Pizza.,45 Cooking,Medium,30,
223,General,Cook Meat.,,Easy,10,
224,General,Cook Chicken.,,Easy,10,
225,General,Plant a Seed.,,Easy,10,
226,General,Harvest a Crop.,,Easy,10,
227,General,Rake a Farming Patch.,,Easy,10,
228,General,Water a Farming Patch.,,Easy,10,
229,General,Compost a Farming Patch.,,Easy,10,
230,General,Plant Potatoes.,,Easy,10,
231,General,Plant Onions.,5 Farming,Easy,10,
232,General,Plant Cabbages.,7 Farming,Easy,10,
233,General,Plant Tomatoes.,12 Farming,Easy,10,
234,General,Plant Sweetcorn.,20 Farming,Easy,10,
235,General,Plant Strawberries.,31 Farming,Medium,30,
236,General,Plant Watermelons.,47 Farming,Medium,30,
237,General,Plant Snape Grass.,61 Farming,Hard,80,
238,General,Plant Ranarr Weed.,32 Farming,Medium,30,
239,General,Plant Snapdragon.,62 Farming,Hard,80,
240,General,Plant Torstol.,85 Farming,Elite,200,
241,General,Plant Marigolds.,2 Farming,Easy,10,
242,General,Plant Rosemary.,11 Farming,Easy,10,
243,General,Plant Limpwurt.,26 Farming,Easy,10,
244,General,Plant White Lilies.,58 Farming,Medium,30,
245,General,Plant an Oak Tree.,15 Farming,Easy,10,
246,General,Plant a Willow Tree.,30 Farming,Medium,30,
247,General,Plant a Maple Tree.,45 Farming,Medium,30,
248,General,Plant a Yew Tree.,60 Farming,Hard,80,
249,General,Plant a Magic Tree.,75 Farming,Hard,80,
250,General,Plant an Apple Tree.,27 Farming,Easy,10,
251,General,Plant a Banana Tree.,33 Farming,Medium,30,
252,General,Plant a Palm Tree.,68 Farming,Hard,80,
253,General,Plant a Dragonfruit Tree.,81 Farming,Hard,80,
254,General,Check the Health of a Tree.,15 Farming,Easy,10,
255,General,Harvest an Herb Patch.,,Easy,10,
256,General,Harvest an Allotment Patch.,,Easy,10,
257,General,Harvest a Fruit Tree.,27 Farming,Easy,10,
258,General,Harvest a Tree Patch.,15 Farming,Easy,10,
259,General,Cure a Diseased Plant.,,Easy,10,
260,General,Protect a Farming Patch.,,Easy,10,
261,General,Use Super Compost.,,Easy,10,
262,General,Use Ultra Compost.,22 Farming,Easy,10,
263,General,Set a Box Trap.,,Easy,10,
264,General,Set a Net Trap.,,Easy,10,
265,General,Catch a Crimson Bird.,,Easy,10,
266,General,Catch a Rabbit with a Box Trap.,5 Hunter,Easy,10,
267,General,Catch a Desert Lizard.,15 Hunter,Easy,10,
268,General,Catch a Spotted Bird.,20 Hunter,Easy,10,
269,General,Catch a Swamp Lizard.,29 Hunter,Easy,10,
270,General,Catch a Chinchompa.,53 Hunter,Medium,30,
271,General,Catch a Red Chinchompa.,63 Hunter,Hard,80,
272,General,Catch a Black Chinchompa.,73 Hunter,Hard,80,
273,General,Catch a Rare Hunter Creature.,85 Hunter,Elite,200,
274,General,Successfully Catch a Creature with a Box Trap.,,Easy,10,
275,General,Successfully Catch a Creature with a Net Trap.,,Easy,10,
276,General,Catch 10 Hunter Creatures.,,Easy,10,
277,General,Catch 50 Hunter Creatures.,20 Hunter,Easy,10,
278,General,Catch 100 Hunter Creatures.,35 Hunter,Medium,30,
279,General,Catch 500 Hunter Creatures.,60 Hunter,Hard,80,
280,General,"Catch 1,000 Hunter Creatures.",80 Hunter,Hard,80,
281,General,"Catch 5,000 Hunter Creatures.",95 Hunter,Elite,200,
282,General,Catch 25 Creatures with Box Traps.,,Easy,10,
283,General,Catch 100 Creatures with Box Traps.,35 Hunter,Medium,30,
284,General,Catch 500 Creatures with Box Traps.,70 Hunter,Hard,80,
285,General,Catch 25 Creatures with Net Traps.,,Easy,10,
286,General,Catch 100 Creatures with Net Traps.,35 Hunter,Medium,30,
287,General,Catch 500 Creatures with Net Traps.,70 Hunter,Hard,80,
288,General,Successfully Reset a Failed Trap.,,Easy,10,
289,General,Have 2 Active Hunter Traps at Once.,20 Hunter,Easy,10,
290,General,Have 3 Active Hunter Traps at Once.,40 Hunter,Medium,30,
291,General,Have 4 Active Hunter Traps at Once.,60 Hunter,Hard,80,
292,General,Have 5 Active Hunter Traps at Once.,80 Hunter,Hard,80,
293,General,Catch a Creature Without a Trap Failing.,,Easy,10,
294,General,Catch 10 Creatures in a Row Without Failure.,30 Hunter,Medium,30,
295,General,Catch 50 Creatures in a Row Without Failure.,70 Hunter,Hard,80,
296,General,Receive a Slayer Task.,,Easy,10,
297,General,Complete a Slayer Task.,,Easy,10,
298,General,Complete 5 Slayer Tasks.,,Easy,10,
299,General,Complete 25 Slayer Tasks.,,Medium,30,
300,General,Complete 50 Slayer Tasks.,,Medium,30,
301,General,Complete 100 Slayer Tasks.,,Hard,80,
302,General,Complete 250 Slayer Tasks.,,Hard,80,
303,General,Complete 500 Slayer Tasks.,,Elite,200,
304,General,Kill Crawling Hands.,5 Slayer,Easy,10,
305,General,Kill Banshees.,15 Slayer,Easy,10,
306,General,Kill Cave Bugs.,7 Slayer,Easy,10,
307,General,Kill Cave Crawlers.,10 Slayer,Easy,10,
308,General,Kill Rockslugs.,20 Slayer,Easy,10,
309,General,Kill Pyrefiends.,30 Slayer,Medium,30,
310,General,Kill Basilisks.,40 Slayer,Medium,30,
311,General,Kill Bloodveld.,50 Slayer,Medium,30,
312,General,Kill Dust Devils.,65 Slayer,Hard,80,
313,General,Kill Kurasks.,70 Slayer,Hard,80,
314,General,Kill Skeletal Wyverns.,72 Slayer,Hard,80,
315,General,Kill Gargoyles.,75 Slayer,Hard,80,
316,General,Kill Nechryaels.,80 Slayer,Hard,80,
317,General,Kill Abyssal Demons.,85 Slayer,Elite,200,
318,General,Kill Dark Beasts.,90 Slayer,Elite,200,
319,General,Defeat Abyssal Sire,85 Slayer,Elite,200,
320,General,Unlock a Slayer Helmet.,55 Slayer,Medium,30,
321,General,Equip a Slayer Helmet.,55 Slayer,Medium,30,
322,General,Craft a Slayer Helmet.,55 Slayer,Medium,30,
323,General,Learn a Slayer Unlock.,,Medium,30,
324,General,Learn 5 Slayer Unlocks.,,Hard,80,
325,General,Block a Slayer Task.,,Medium,30,
326,General,Skip a Slayer Task.,,Medium,30,
327,General,Receive a Task from a Mid-Level Slayer Master.,40 Slayer,Medium,30,
328,General,Receive a Task from a High-Level Slayer Master.,70 Slayer,Hard,80,
329,General,Receive a Task from the Highest Slayer Master.,90 Slayer,Elite,200,
330,General,Reach a 10 Task Streak.,,Easy,10,
331,General,Reach a 50 Task Streak.,,Medium,30,
332,General,Reach a 100 Task Streak.,,Hard,80,
333,General,Reach a 250 Task Streak.,,Elite,200,
334,General,Use a Slayer Ring.,75 Slayer,Hard,80,
335,General,Kill 100 Slayer Creatures.,,Easy,10,
336,General,"Kill 1,000 Slayer Creatures.",,Medium,30,
337,General,"Kill 5,000 Slayer Creatures.",,Hard,80,
338,General,Loot a Rare Drop from a Slayer Creature.,,Hard,80,
339,General,Craft Leather Gloves.,,Easy,10,
340,General,Craft Leather Boots.,7 Crafting,Easy,10,
341,General,Craft Leather Cowl.,9 Crafting,Easy,10,
342,General,Craft Hard Leather Body.,28 Crafting,Easy,10,
343,General,Craft Studded Body.,41 Crafting,Medium,30,
344,General,Craft Green Dragonhide Armor.,57 Crafting,Medium,30,
345,General,Craft Blue Dragonhide Armor.,71 Crafting,Hard,80,
346,General,Craft Red Dragonhide Armor.,77 Crafting,Hard,80,
347,General,Craft Black Dragonhide Armor.,84 Crafting,Hard,80,
348,General,Cut a Sapphire.,20 Crafting,Easy,10,
349,General,Cut an Emerald.,27 Crafting,Easy,10,
350,General,Cut a Ruby.,34 Crafting,Medium,30,
351,General,Cut a Diamond.,43 Crafting,Medium,30,
352,General,Cut a Dragonstone.,55 Crafting,Medium,30,
353,General,Cut an Onyx.,67 Crafting,Hard,80,
354,General,Craft a Sapphire Ring.,20 Crafting,Easy,10,
355,General,Craft an Emerald Necklace.,29 Crafting,Easy,10,
356,General,Craft a Ruby Amulet.,50 Crafting,Medium,30,
357,General,Craft a Diamond Bracelet.,58 Crafting,Medium,30,
358,General,Craft a Dragonstone Amulet.,80 Crafting,Hard,80,
359,General,Blow Molten Glass into Vials.,33 Crafting,Medium,30,
360,General,Blow Glass Orbs.,46 Crafting,Medium,30,
361,General,Blow Glass Lantern Lenses.,49 Crafting,Medium,30,
362,General,Blow Glass Bowls.,8 Crafting,Easy,10,
363,General,Spin Flax into Bow Strings.,10 Crafting,Easy,10,
364,General,"Spin 1,000 Bow Strings.",40 Crafting,Medium,30,
365,General,Craft Pottery.,,Easy,10,
366,General,Fire Pottery in a Kiln.,,Easy,10,
367,General,Craft Gold Jewelry.,5 Crafting,Easy,10,
368,General,Craft Silver Jewelry.,16 Crafting,Easy,10,
369,General,Craft 25 Leather Items.,,Easy,10,
370,General,Craft 100 Leather Items.,25 Crafting,Easy,10,
371,General,Craft 500 Leather Items.,55 Crafting,Medium,30,
372,General,"Craft 1,000 Leather Items.",80 Crafting,Hard,80,
373,General,Cut 25 Gems.,20 Crafting,Easy,10,
374,General,Cut 100 Gems.,40 Crafting,Medium,30,
375,General,Cut 500 Gems.,70 Crafting,Hard,80,
376,General,Craft 25 Jewelry Items.,20 Crafting,Easy,10,
377,General,Craft 100 Jewelry Items.,45 Crafting,Medium,30,
378,General,Craft 500 Jewelry Items.,75 Crafting,Hard,80,
379,General,Tan Leather.,,Easy,10,
380,General,Tan 100 Hides.,20 Crafting,Easy,10,
381,General,Clean a Guam Leaf.,,Easy,10,
382,General,Clean a Marrentill.,5 Herblore,Easy,10,
383,General,Clean a Tarromin.,11 Herblore,Easy,10,
384,General,Clean a Harralander.,20 Herblore,Easy,10,
385,General,Clean a Ranarr Weed.,25 Herblore,Easy,10,
386,General,Clean an Irit Leaf.,40 Herblore,Medium,30,
387,General,Clean a Kwuarm.,54 Herblore,Medium,30,
388,General,Clean a Snapdragon.,59 Herblore,Medium,30,
389,General,Clean a Cadantine.,65 Herblore,Hard,80,
390,General,Clean a Torstol.,75 Herblore,Hard,80,
391,General,Make an Attack Potion.,3 Herblore,Easy,10,
392,General,Make an Anti-poison Potion.,5 Herblore,Easy,10,
393,General,Make a Strength Potion.,12 Herblore,Easy,10,
394,General,Make a Restore Potion.,22 Herblore,Easy,10,
395,General,Make an Energy Potion.,26 Herblore,Easy,10,
396,General,Make a Defence Potion.,30 Herblore,Medium,30,
397,General,Make a Prayer Potion.,38 Herblore,Medium,30,
398,General,Make a Super Attack Potion.,45 Herblore,Medium,30,
399,General,Make a Super Strength Potion.,55 Herblore,Medium,30,
400,General,Make a Super Restore Potion.,63 Herblore,Hard,80,
401,General,Make a Saradomin Brew.,81 Herblore,Hard,80,
402,General,Make a Super Combat Potion.,90 Herblore,Elite,200,
403,General,Unfinished a Potion.,,Easy,10,
404,General,Add a Secondary Ingredient to a Potion.,,Easy,10,
405,General,Make 25 Potions.,,Easy,10,
406,General,Make 100 Potions.,,Easy,10,
407,General,Make 500 Potions.,,Medium,30,
408,General,"Make 1,000 Potions.",,Hard,80,
409,General,"Make 5,000 Potions.",,Elite,200,
410,General,Clean 25 Herbs.,,Easy,10,
411,General,Clean 100 Herbs.,,Easy,10,
412,General,Clean 500 Herbs.,,Medium,30,
413,General,"Clean 1,000 Herbs.",,Hard,80,
414,General,Create 100 Unfinished Potions.,,Easy,10,
415,General,Create 500 Unfinished Potions.,,Medium,30,
416,General,"Create 1,000 Unfinished Potions.",,Hard,80,
417,General,Combine Potions into Four-Dose Potions.,,Easy,10,
418,General,Make Combat Potions.,36 Herblore,Medium,30,
419,General,Craft Air Runes.,,Easy,10,
420,General,Craft Mind Runes.,2 Runecrafting,Easy,10,
421,General,Craft Water Runes.,5 Runecrafting,Easy,10,
422,General,Craft Earth Runes.,9 Runecrafting,Easy,10,
423,General,Craft Fire Runes.,14 Runecrafting,Easy,10,
424,General,Craft Body Runes.,20 Runecrafting,Easy,10,
425,General,Craft Cosmic Runes.,27 Runecrafting,Easy,10,
426,General,Craft Chaos Runes.,35 Runecrafting,Medium,30,
427,General,Craft Nature Runes.,44 Runecrafting,Medium,30,
428,General,Craft Law Runes.,54 Runecrafting,Medium,30,
429,General,Craft Death Runes.,65 Runecrafting,Hard,80,
430,General,Craft Blood Runes.,77 Runecrafting,Hard,80,
431,General,Craft Soul Runes.,90 Runecrafting,Elite,200,
432,General,Craft 100 Runes.,,Easy,10,
433,General,"Craft 1,000 Runes.",,Medium,30,
434,General,"Craft 10,000 Runes.",,Hard,80,
435,General,Cast a Wind Strike Spell.,,Easy,10,
436,General,Cast a Water Strike Spell.,5 Magic,Easy,10,
437,General,Cast an Earth Strike Spell.,9 Magic,Easy,10,
438,General,Cast a Fire Strike Spell.,13 Magic,Easy,10,
439,General,Cast a Wind Bolt Spell.,17 Magic,Easy,10,
440,General,Cast a Water Bolt Spell.,23 Magic,Easy,10,
441,General,Cast an Earth Bolt Spell.,29 Magic,Easy,10,
442,General,Cast a Fire Bolt Spell.,35 Magic,Medium,30,
443,General,Cast a Wind Blast Spell.,41 Magic,Medium,30,
444,General,Cast a Water Blast Spell.,47 Magic,Medium,30,
445,General,Cast an Earth Blast Spell.,53 Magic,Medium,30,
446,General,Cast a Fire Blast Spell.,59 Magic,Medium,30,
447,General,Cast a Wind Wave Spell.,62 Magic,Hard,80,
448,General,Cast a Water Wave Spell.,65 Magic,Hard,80,
449,General,Cast an Earth Wave Spell.,70 Magic,Hard,80,
450,General,Cast a Fire Wave Spell.,75 Magic,Hard,80,
451,General,Cast a Surge Spell.,81 Magic,Hard,80,
452,General,Cast a Barrage Spell.,94 Magic,Elite,200,
453,General,Cast a Teleport Spell.,25 Magic,Easy,10,
454,General,Cast 10 Teleport Spells.,25 Magic,Easy,10,
455,General,Cast 100 Teleport Spells.,45 Magic,Medium,30,
456,General,"Cast 1,000 Teleport Spells.",,Hard,80,
457,General,Cast Low Level Alchemy.,21 Magic,Easy,10,
458,General,Cast High Level Alchemy.,55 Magic,Medium,30,
459,General,Alchemize 100 Items.,55 Magic,Medium,30,
460,General,"Alchemize 1,000 Items.",,Hard,80,
461,General,Enchant Jewelry.,7 Magic,Easy,10,
462,General,Enchant 100 Jewelry Items.,,Medium,30,
463,General,Cast a Curse Spell.,19 Magic,Easy,10,
464,General,Cast a Bind Spell.,20 Magic,Easy,10,
465,General,Cast a Snare Spell.,50 Magic,Medium,30,
466,General,Cast an Entangle Spell.,79 Magic,Hard,80,
467,General,Cast a Combat Spell Against a Monster.,,Easy,10,
468,General,Kill 100 Monsters with Magic.,25 Magic,Easy,10,
469,General,"Kill 1,000 Monsters with Magic.",55 Magic,Medium,30,
470,General,"Kill 5,000 Monsters with Magic.",,Elite,200,
471,General,Cast a Multi-Target Spell.,70 Magic,Hard,80,
472,General,Cast an Ancient Magick spell,70 Magic,Hard,80,
473,General,Cast a Lunar Magic spell,65 Magic,Hard,80,
474,General,Charge an Orb.,60 Magic,Hard,80,
475,General,Make a Teleport Tablet,50 Magic,Medium,30,
476,General,"Cast 1,000 Spells.",30 Magic,Medium,30,
477,General,"Cast 10,000 Spells.",,Hard,80,
478,General,Equip a Shortbow.,,Easy,10,
479,General,Equip a Longbow.,,Easy,10,
480,General,Equip a Crossbow.,,Easy,10,
481,General,Equip Throwing Knives,,Easy,10,
482,General,Fire Bronze Arrows.,,Easy,10,
483,General,Fire Iron Arrows.,,Easy,10,
484,General,Fire Steel Arrows.,30 Ranged,Medium,30,
485,General,Fire Mithril Arrows.,20 Ranged,Medium,30,
486,General,Fire Adamant Arrows.,30 Ranged,Hard,80,
487,General,Fire Rune Arrows.,40 Ranged,Hard,80,
488,General,Equip Green Dragonhide Armor.,40 Ranged,Medium,30,
489,General,Equip Blue Dragonhide Armor.,50 Ranged,Medium,30,
490,General,Equip Red Dragonhide Armor.,60 Ranged,Hard,80,
491,General,Equip Black Dragonhide Armor.,70 Ranged,Hard,80,
492,General,Kill a Monster with Ranged.,,Easy,10,
493,General,Kill 100 Monsters with Ranged.,,Easy,10,
494,General,"Kill 1,000 Monsters with Ranged.",,Medium,30,
495,General,"Kill 5,000 Monsters with Ranged.",,Hard,80,
496,General,Defeat a Boss with Ranged.,,Hard,80,
497,General,Defeat 10 Bosses with Ranged.,,Hard,80,
498,General,Use a Special Attack with a Ranged Weapon.,,Medium,30,
499,General,Equip a Bronze weapon.,,Easy,10,
500,General,Equip an Iron weapon.,,Easy,10,
501,General,Equip a Steel weapon.,5 Attack,Easy,10,
502,General,Equip a Mithril weapon.,20 Attack,Easy,10,
503,General,Equip an Adamant weapon.,30 Attack,Medium,30,
504,General,Equip a Rune weapon.,40 Attack,Medium,30,
505,General,Equip a Dragon Weapon.,60 Attack,Hard,80,
506,General,Equip a Godsword.,75 Attack,Hard,80,
507,General,Kill a Chicken with Melee.,,Easy,10,
508,General,Kill a Hill Giant with Melee.,,Easy,10,
509,General,Kill a Dragon with Melee.,,Hard,80,
510,General,Defeat a Boss with Melee.,,Hard,80,
511,General,Defeat 10 Bosses with Melee.,,Elite,200,
512,General,Hit a 10 Damage Melee Attack.,,Easy,10,
513,General,Hit a 20 Damage Melee Attack.,,Medium,30,
514,General,Hit a 30 Damage Melee Attack.,,Medium,30,
515,General,Hit a 40 Damage Melee Attack.,,Hard,80,
516,General,Hit a 50 Damage Melee Attack.,,Elite,200,
517,General,Use a Special Attack Weapon.,,Medium,30,
518,General,Use a Two-Handed Weapon.,,Easy,10,
519,General,Obtain a Clue Scroll.,,Easy,10,
520,General,Complete an Easy Clue Scroll.,,Easy,10,
521,General,Complete a Medium Clue Scroll.,,Medium,30,
522,General,Complete a Hard Clue Scroll.,,Hard,80,
523,General,Complete an Elite Clue Scroll.,,Elite,200,
524,General,Obtain a Pet Drop.,,Elite,200,
525,General,Fill a Collection Log Slot.,,Easy,10,
526,General,Fill 10 Collection Log Slots.,,Medium,30,
527,General,Fill 25 Collection Log Slots.,,Medium,30,
528,General,Fill 50 Collection Log Slots.,,Hard,80,
529,General,Fill 100 Collection Log Slots.,,Elite,200,
530,General,Obtain a Rare Clue Reward.,,Medium,30,
531,General,Obtain an Ornament Kit,,Hard,80,
532,General,Obtain a Raid Unique.,,Elite,200,
533,General,Obtain a Mega Rare Raid Unique.,,Elite,200,
534,General,Obtain a Skilling Outfit Piece.,,Medium,30,
535,General,Complete a Skilling Outfit Set.,,Hard,80,
536,General,Obtain a Barrows piece,,Hard,80,
537,General,Obtain a Full Barrows Set.,,Hard,80,
538,General,Obtain a Rare Boss Pet.,,Elite,200,
539,General,Obtain a Rare Skilling Pet.,,Elite,200,
540,General,Obtain a Unique Drop Worth Over 1 Million Coins.,,Hard,80,
541,General,Obtain a Unique Drop Worth Over 10 Million Coins.,,Elite,200,
542,General,Complete a Boss Collection Log Page.,,Elite,200,
543,General,Complete a Raid Collection Log Page.,,Master,400,
544,General,Complete a Clue Collection Log Page.,,Elite,200,
545,General,Complete a Minigame Collection Log Page.,,Hard,80,
546,General,Complete a Slayer Collection Log Page.,,Hard,80,
547,General,Complete a Skilling Collection Log Page.,,Hard,80,
548,General,Obtain 5 Unique Boss Drops.,,Hard,80,
549,General,Obtain 10 Unique Boss Drops.,,Hard,80,
550,General,Obtain 25 Unique Boss Drops.,,Elite,200,
551,General,Obtain 5 Unique Clue Rewards.,,Medium,30,
552,General,Obtain 25 Unique Clue Rewards.,,Hard,80,
553,General,Obtain 100 Unique Clue Rewards.,,Elite,200,
554,General,Defeat a Goblin.,,Easy,10,
555,General,Defeat a Cow.,,Easy,10,
556,General,Defeat a Chicken.,,Easy,10,
557,General,Defeat a Rat.,,Easy,10,
558,General,Defeat a Giant Rat.,,Easy,10,
559,General,Defeat a Dark Wizard.,,Easy,10,
560,General,Defeat a Skeleton.,,Easy,10,
561,General,Defeat a Zombie.,,Easy,10,
562,General,Defeat a Hobgoblin.,,Easy,10,
563,General,Defeat a Minotaur.,,Easy,10,
564,General,Defeat a Hill Giant.,,Easy,10,
565,General,Defeat a Moss Giant.,,Easy,10,
566,General,Defeat an Ice Warrior.,,Medium,30,
567,General,Defeat an Ice Giant.,,Medium,30,
568,General,Defeat a Lesser Demon.,,Medium,30,
569,General,Defeat a Cyclops.,,Medium,30,
570,General,Defeat a Troll.,,Medium,30,
571,General,Defeat a Hellhound.,,Medium,30,
572,General,Defeat a Greater Demon.,,Medium,30,
573,General,Defeat a Blue Dragon.,,Medium,30,
574,General,Defeat a Black Demon.,,Medium,30,
575,General,Defeat a Fire Giant.,,Medium,30,
576,General,Defeat a Green Dragon.,,Hard,80,
577,General,Defeat a Bronze Dragon.,,Hard,80,
578,General,Defeat a Steel Dragon.,,Hard,80,
579,General,Defeat a Black Dragon.,,Hard,80,
580,General,Defeat a Skeletal Wyvern.,,Hard,80,
581,General,Defeat a Brutal Black Dragon.,,Hard,80,
582,Kandarin,Defeat a Demonic Gorilla.,,Hard,80,
583,Wilderness,Defeat a Revenant Knight.,,Hard,80,
584,Wilderness,Defeat Crazy Archaeologist.,,Hard,80,
585,Wilderness,Defeat Chaos Fanatic.,,Hard,80,
586,Wilderness,Defeat Scorpia.,,Hard,80,
587,Wilderness,Defeat Chaos Elemental.,,Hard,80,
588,Wilderness,Defeat King Black Dragon.,,Hard,80,
589,Morytania,Defeat Barrows Brothers.,,Hard,80,
590,Asgarnia,Defeat Giant Mole.,,Hard,80,
591,Kourend,Defeat Sarachnis.,,Hard,80,
592,Fremennik,Defeat Dagannoth Rex.,,Hard,80,
593,Fremennik,Defeat Dagannoth Prime.,,Hard,80,
594,Fremennik,Defeat Dagannoth Supreme.,,Hard,80,
595,Desert,Defeat Kalphite Queen.,,Hard,80,
596,Tirannwn,Defeat Zulrah.,,Hard,80,
597,Fremennik,Defeat Vorkath.,,Elite,200,
598,Fremennik,Defeat Phantom Muspah.,,Elite,200,
599,Morytania,Defeat Grotesque Guardians.,,Hard,80,
600,Asgarnia,Defeat Cerberus.,,Hard,80,
601,Kandarin,Defeat Kraken.,,Hard,80,
602,Kandarin,Defeat Thermonuclear Smoke Devil.,,Elite,200,
603,General,Defeat Abyssal Sire.,,Elite,200,
604,Asgarnia,Defeat General Graardor.,,Elite,200,
605,Asgarnia,Defeat Kree'arra.,,Elite,200,
606,Asgarnia,Defeat Commander Zilyana.,,Elite,200,
607,Asgarnia,Defeat K'ril Tsutsaroth.,,Elite,200,
608,Asgarnia,Defeat Nex.,,Elite,200,
609,Morytania,Defeat The Nightmare.,,Elite,200,
610,Morytania,Defeat Phosani's Nightmare.,,Elite,200,
611,Tirannwn,Defeat The Gauntlet.,,Elite,200,
612,Tirannwn,Defeat the Corrupted Gauntlet.,,Elite,200,
613,Karamja,Complete the Fight Caves.,,Elite,200,
614,Karamja,Complete the Inferno.,,Master,400,
615,Kourend,Complete Chambers of Xeric.,,Elite,200,
616,Kourend,Complete Chambers of Xeric Challenge Mode.,,Master,400,
617,Morytania,Complete Theatre of Blood.,,Elite,200,
618,Morytania,Complete Theatre of Blood Hard Mode.,,Master,400,
619,Desert,Complete Tombs of Amascut.,,Elite,200,
620,Desert,Complete a 300 Invocation Tombs of Amascut Raid.,,Master,400,
621,Desert,Defeat Kephri.,,Elite,200,
622,Desert,Defeat Zebak.,,Elite,200,
623,Desert,Defeat Ba-Ba.,,Elite,200,
624,Desert,Defeat Akkha.,,Elite,200,
625,Morytania,Defeat Maiden of Sugadinti.,,Elite,200,
626,Morytania,Defeat Sotetseg.,,Elite,200,
627,Morytania,Defeat Xarpus.,,Elite,200,
628,Morytania,Defeat Bloat.,,Elite,200,
629,Kourend,Defeat Tekton.,,Elite,200,
630,Kourend,Defeat Vasa Nistirio.,,Elite,200,
631,Kourend,Defeat Vespula.,,Elite,200,
632,General,Defeat the Mimic.,,Hard,80,
633,General,Defeat Obor.,,Medium,30,
634,General,Defeat Bryophyta.,,Medium,30,
635,General,Defeat Tempoross.,,Hard,80,
636,General,Defeat Wintertodt.,,Medium,30,
637,General,Defeat Skotizo.,,Hard,80,
638,General,Defeat Hespori.,,Hard,80,
639,General,Defeat Deranged Archaeologist.,,Hard,80,
640,General,Defeat Vet'ion.,,Elite,200,
641,General,Defeat Callisto.,,Elite,200,
642,General,Defeat Venenatis.,,Elite,200,
643,General,Defeat Artio.,,Hard,80,
644,General,Defeat Calvar'ion.,,Hard,80,
645,General,Defeat Spindel.,,Hard,80,
646,General,Defeat Duke Sucellus.,,Elite,200,
647,General,Defeat The Leviathan.,,Elite,200,
648,General,Defeat The Whisperer.,,Elite,200,
649,General,Defeat Vardorvis.,,Elite,200,
650,General,Complete the Fortis Colosseum.,,Master,400,
651,Misthalin,Cross the River Lum.,,Easy,10,
652,Misthalin,Climb the Lumbridge Castle Staircase.,,Easy,10,
653,Misthalin,Use the Grand Exchange.,,Easy,10,
654,Misthalin,Cook on the Lumbridge Castle Range.,,Easy,10,
655,Misthalin,Mine Copper in Lumbridge Swamp.,,Easy,10,
656,Misthalin,Fish Shrimp in Lumbridge.,,Easy,10,
657,Misthalin,Chop a Tree in Draynor.,,Easy,10,
658,Misthalin,Burn Logs in Varrock.,,Easy,10,
659,Misthalin,Defeat a Goblin near Lumbridge.,,Easy,10,
660,Misthalin,Defeat a Dark Wizard south of Varrock.,,Easy,10,
661,Misthalin,Defeat a Giant Rat in Edgeville Dungeon.,,Easy,10,
662,Misthalin,Defeat a Skeleton in Varrock Sewers.,,Easy,10,
663,Misthalin,Defeat a Moss Giant in Varrock Sewers.,,Easy,10,
664,Misthalin,Enter the Stronghold of Security.,,Easy,10,
665,Misthalin,Reach the Bottom of the Stronghold of Security.,,Medium,30,
666,Misthalin,Enter Edgeville Dungeon.,,Easy,10,
667,Misthalin,Enter Varrock Sewers.,,Easy,10,
668,Misthalin,Enter Lumbridge Swamp Caves.,,Easy,10,
669,Misthalin,Enter the Cook’s Guild.,32 Cooking,Medium,30,
670,Misthalin,Enter the Champions’ Guild.,,Medium,30,
671,Misthalin,Enter the Wizards’ Tower.,,Easy,10,
672,Misthalin,Enter the Varrock Museum.,,Easy,10,
673,Misthalin,Enter the Grand Exchange Tunnel.,,Easy,10,
674,Misthalin,Craft Air Runes at the Air Altar.,,Easy,10,
675,Misthalin,Craft Mind Runes at the Mind Altar.,2 Runecrafting,Easy,10,
676,Misthalin,Teleport to Varrock.,25 Magic,Easy,10,
677,Misthalin,Teleport to Lumbridge.,31 Magic,Medium,30,
678,Misthalin,Smelt a Bronze Bar in Lumbridge.,,Easy,10,
679,Misthalin,Smith a Bronze Dagger in Varrock.,,Easy,10,
680,Misthalin,Steal from a Tea Stall in Varrock.,5 Thieving,Easy,10,
681,Misthalin,Steal from the Varrock Bakery Stall.,5 Thieving,Easy,10,
682,Misthalin,Pickpocket a Man in Lumbridge.,,Easy,10,
683,Misthalin,Pickpocket a Guard in Varrock.,40 Thieving,Medium,30,
684,Misthalin,Catch Trout in Barbarian Village.,20 Fishing,Easy,10,
685,Misthalin,Cook Lobsters in Edgeville.,40 Cooking,Medium,30,
686,Misthalin,Train at the Varrock Rooftop Course.,30 Agility,Medium,30,
687,Misthalin,Train at the Draynor Rooftop Course.,10 Agility,Easy,10,
688,Misthalin,Mine Iron Ore in Varrock Mine.,15 Mining,Easy,10,
689,Misthalin,Chop Willow Trees in Draynor.,30 Woodcutting,Medium,30,
690,Misthalin,Burn Willow Logs in Draynor.,30 Firemaking,Medium,30,
691,Misthalin,Charge an Air Orb near Edgeville Dungeon.,66 Magic,Hard,80,
692,Misthalin,Defeat Delrith.,,Easy,10,
693,Misthalin,Defeat Count Draynor.,,Easy,10,
694,Misthalin,Speak to Oziach.,,Easy,10,
695,Misthalin,Speak to the Wise Old Man.,,Easy,10,
696,Misthalin,Speak to Aubury.,,Easy,10,
697,Misthalin,Speak to the Lumbridge Guide.,,Easy,10,
698,Misthalin,Open the Lumbridge Castle Basement Chest.,,Easy,10,
699,Misthalin,Obtain a Giant Key.,,Easy,10,
700,Misthalin,Obtain a Mossy Key.,,Easy,10,
701,Misthalin,Enter the Earth Altar through Varrock.,9 Runecrafting,Easy,10,
702,Misthalin,Enter the Chaos Altar near Edgeville.,35 Runecrafting,Medium,30,
703,Misthalin,Use a Canoe on the River Lum.,12 Woodcutting,Easy,10,
704,Misthalin,Travel to Edgeville by Canoe.,27 Woodcutting,Easy,10,
705,Misthalin,Complete a Beginner Clue Scroll in Misthalin.,,Easy,10,
706,Misthalin,Complete an Easy Clue Scroll in Misthalin.,,Easy,10,
707,Misthalin,Complete a Hard Clue Scroll in Misthalin.,,Hard,80,
708,Misthalin,Fill a Bucket at the Lumbridge Kitchen Sink.,,Easy,10,
709,Misthalin,Spin Flax in Lumbridge Castle.,10 Crafting,Easy,10,
710,Misthalin,Bake a Cake in Lumbridge Castle.,40 Cooking,Medium,30,
711,Karamja,Use the Karamja General Store.,,Easy,10,
712,Karamja,Fish Shrimp on Karamja.,,Easy,10,
713,Karamja,Catch Tuna on Karamja.,35 Fishing,Medium,30,
714,Karamja,Catch Lobsters on Karamja.,40 Fishing,Medium,30,
715,Karamja,Catch Swordfish on Karamja.,50 Fishing,Medium,30,
716,Karamja,Cook Tuna on Karamja.,30 Cooking,Medium,30,
717,Karamja,Cook Lobsters on Karamja.,40 Cooking,Medium,30,
718,Karamja,Cook Swordfish on Karamja.,45 Cooking,Medium,30,
719,Karamja,Chop Jungle Trees.,,Easy,10,
720,Karamja,Chop Teak Trees.,35 Woodcutting,Medium,30,
721,Karamja,Chop Mahogany Trees.,50 Woodcutting,Medium,30,
722,Karamja,Burn Teak Logs on Karamja.,35 Firemaking,Medium,30,
723,Karamja,Burn Mahogany Logs on Karamja.,50 Firemaking,Medium,30,
724,Karamja,Mine Gold Ore in Karamja Volcano.,40 Mining,Medium,30,
725,Karamja,Mine Gem Rocks in Shilo Village.,40 Mining,Medium,30,
726,Karamja,Catch Karambwanji.,5 Fishing,Easy,10,
727,Karamja,Catch Karambwan.,65 Fishing,Hard,80,
728,Karamja,Cook Karambwan.,30 Cooking,Medium,30,
729,Karamja,Use the Brimhaven Agility Arena.,40 Agility,Medium,30,
730,Karamja,Complete a Lap in the Brimhaven Agility Arena.,40 Agility,Medium,30,
731,Karamja,Purchase a Ticket in the Brimhaven Agility Arena.,40 Agility,Medium,30,
732,Karamja,Trade with Gabooty in Tai Bwo Wannai.,,Easy,10,
733,Karamja,Repair a Fence in Tai Bwo Wannai.,15 Woodcutting,Easy,10,
734,Karamja,Cut Jungle in Tai Bwo Wannai.,10 Woodcutting,Easy,10,
735,Karamja,Burn Jungle Logs.,15 Firemaking,Easy,10,
736,Karamja,Enter the Hardwood Grove.,35 Woodcutting,Medium,30,
737,Karamja,Harvest Bananas on Karamja.,,Easy,10,
738,Karamja,Fill Crates with Bananas.,,Easy,10,
739,Karamja,Pick Pineapples on Karamja.,,Easy,10,
740,Karamja,Enter the Nature Altar.,44 Runecrafting,Medium,30,
741,Karamja,Craft Nature Runes.,44 Runecrafting,Medium,30,
742,Karamja,Explore the Kharazi Jungle.,,Medium,30,
743,Karamja,Fish at Musa Point.,,Easy,10,
744,Karamja,Use the Charter Ships on Karamja.,,Easy,10,
745,Karamja,Travel to Port Sarim from Karamja.,,Easy,10,
746,Karamja,Visit the Shrimp and Parrot.,,Easy,10,
747,Karamja,Enter the Tribal Statue Area.,,Easy,10,
748,Karamja,Pray at the Altar in Tai Bwo Wannai.,,Easy,10,
749,Karamja,Catch Salmon on Karamja.,30 Fishing,Medium,30,
750,Karamja,Defeat a Jogre.,,Medium,30,
751,Karamja,Defeat a Monkey on Karamja.,,Easy,10,
752,Karamja,Defeat a Lesser Demon in Karamja Volcano.,,Medium,30,
753,Karamja,Defeat a Fire Giant in Brimhaven Dungeon.,,Medium,30,
754,Karamja,Defeat a Metal Dragon in Brimhaven Dungeon.,,Hard,80,
755,Karamja,Defeat a Black Demon in Brimhaven Dungeon.,,Hard,80,
756,Karamja,Defeat a Red Dragon in Brimhaven Dungeon.,,Hard,80,
757,Karamja,Catch Lobsters at Musa Point.,40 Fishing,Medium,30,
758,Karamja,Use the Furnace in Shilo Village.,,Easy,10,
759,Karamja,Use the Anvil in Shilo Village.,,Easy,10,
760,Karamja,Mine Iron Ore on Karamja.,15 Mining,Easy,10,
761,Karamja,Mine Mithril Ore on Karamja.,55 Mining,Medium,30,
762,Karamja,Cut a Teak Log in the Hardwood Grove.,35 Woodcutting,Medium,30,
763,Karamja,Cut a Mahogany Log in the Hardwood Grove.,50 Woodcutting,Medium,30,
764,Karamja,Burn a Mahogany Log on Karamja.,50 Firemaking,Medium,30,
765,Karamja,Enter the Fishing Platform Area.,20 Fishing,Easy,10,
766,Karamja,Catch Fish from the Fishing Platform.,20 Fishing,Easy,10,
767,Karamja,Visit the Shipyard.,,Easy,10,
768,Karamja,Speak to Lubufu.,,Easy,10,
769,Karamja,Speak to Hajedy.,,Easy,10,
770,Karamja,Speak to Garth.,,Easy,10,
771,Karamja,Cross a Rope Bridge in Karamja.,,Easy,10,
772,Karamja,Use an Agility Shortcut on Karamja.,40 Agility,Medium,30,
773,Karamja,Catch a Nature Impling on Karamja.,58 Hunter,Medium,30,
774,Karamja,Catch a Dragon Impling on Karamja.,83 Hunter,Hard,80,
775,Karamja,Catch a Butterfly on Karamja.,15 Hunter,Easy,10,
776,Karamja,Set a Box Trap on Karamja.,,Easy,10,
777,Karamja,Fill an Inventory with Teak Logs.,35 Woodcutting,Medium,30,
778,Karamja,Fill an Inventory with Mahogany Logs.,50 Woodcutting,Medium,30,
779,Asgarnia,Enter the Crafting Guild.,40 Crafting,Medium,30,
780,Asgarnia,Enter the Mining Guild.,60 Mining,Hard,80,
781,Asgarnia,Enter the Warriors’ Guild.,130 Combined Attack and Strength,Hard,80,
782,Asgarnia,Enter the Heroes’ Guild.,,Medium,30,
783,Asgarnia,Enter the White Knights’ Castle.,,Easy,10,
784,Asgarnia,Enter the Dwarven Mines.,,Easy,10,
785,Asgarnia,Enter the Taverley Dungeon.,,Easy,10,
786,Asgarnia,Enter the Asgarnian Ice Dungeon.,,Easy,10,
787,Asgarnia,Enter the Falador Party Room.,,Easy,10,
788,Asgarnia,Use the Port Sarim Jail Shortcut.,,Easy,10,
789,Asgarnia,Cross the Falador North Wall Shortcut.,5 Agility,Easy,10,
790,Asgarnia,Train at the Falador Rooftop Course.,50 Agility,Medium,30,
791,Asgarnia,Mine Clay in the Dwarven Mine.,,Easy,10,
792,Asgarnia,Mine Coal in the Mining Guild.,30 Mining,Medium,30,
793,Asgarnia,Mine Mithril Ore in the Mining Guild.,55 Mining,Medium,30,
794,Asgarnia,Mine Adamantite Ore in the Mining Guild.,70 Mining,Hard,80,
795,Asgarnia,Smelt a Steel Bar in Falador.,30 Smithing,Medium,30,
796,Asgarnia,Smith an Iron Platebody in Falador.,33 Smithing,Medium,30,
797,Asgarnia,Smith a Mithril Item in Falador.,50 Smithing,Medium,30,
798,Asgarnia,Chop Oak Trees near Draynor Manor.,15 Woodcutting,Easy,10,
799,Asgarnia,Chop Willow Trees near Port Sarim.,30 Woodcutting,Medium,30,
800,Asgarnia,Burn Willow Logs in Falador.,30 Firemaking,Medium,30,
801,Asgarnia,Fish Sardines in Port Sarim.,5 Fishing,Easy,10,
802,Asgarnia,Fish Lobsters in Port Sarim.,40 Fishing,Medium,30,
803,Asgarnia,Cook Lobsters in Port Sarim.,40 Cooking,Medium,30,
804,Asgarnia,Catch Cerulean Twitches.,11 Hunter,Easy,10,
805,Asgarnia,Catch Copper Longtails.,9 Hunter,Easy,10,
806,Asgarnia,Catch a Butterfly in Taverley.,15 Hunter,Easy,10,
807,Asgarnia,Enter the White Wolf Mountain Pass.,,Easy,10,
808,Asgarnia,Defeat a White Wolf.,,Easy,10,
809,Asgarnia,Defeat a Black Knight.,,Easy,10,
810,Asgarnia,Defeat a Chaos Dwarf.,,Medium,30,
811,Asgarnia,Defeat a Blue Dragon in Taverley Dungeon.,,Hard,80,
812,Asgarnia,Defeat a Black Dragon in Taverley Dungeon.,,Hard,80,
813,Asgarnia,Defeat a Hellhound in Taverley Dungeon.,,Medium,30,
814,Asgarnia,Defeat a Lesser Demon in Taverley Dungeon.,,Medium,30,
815,Asgarnia,Defeat a Greater Demon in Taverley Dungeon.,,Medium,30,
816,Asgarnia,Defeat a Skeletal Wyvern in Asgarnian Ice Dungeon.,,Hard,80,
817,Asgarnia,Defeat a Giant Mole.,,Hard,80,
818,Asgarnia,Enter the Mole Lair.,,Easy,10,
819,Asgarnia,Pick Cabbages in Falador Farm.,,Easy,10,
820,Asgarnia,Fill a Sack with Potatoes in Rimmington.,,Easy,10,
821,Asgarnia,Enter the Rimmington Mine.,,Easy,10,
822,Asgarnia,Craft a Sapphire Ring in Falador.,20 Crafting,Easy,10,
823,Asgarnia,Craft a Ruby Amulet in Falador.,50 Crafting,Medium,30,
824,Asgarnia,Use the Furnace in Falador.,,Easy,10,
825,Asgarnia,Use the Anvil in Falador.,,Easy,10,
826,Asgarnia,Pray at the Altar in Falador.,,Easy,10,
827,Asgarnia,Recharge Prayer at the Monastery near Burthorpe.,,Easy,10,
828,Asgarnia,Buy a Cape from the Falador Shield Shop.,,Easy,10,
829,Asgarnia,Buy a Pickaxe from Nurmof.,,Easy,10,
830,Asgarnia,Speak to Thurgo.,,Easy,10,
831,Asgarnia,Speak to Turael.,,Easy,10,
832,Asgarnia,Speak to Sir Tiffy Cashien.,,Easy,10,
833,Asgarnia,Enter the Rogues’ Den.,50 Agility,Medium,30,
834,Asgarnia,Crack a Wall Safe in the Rogues’ Den.,50 Thieving,Medium,30,
835,Asgarnia,Complete a Rogues’ Den Maze Run.,50 Agility and 50 Thieving,Medium,30,
836,Asgarnia,Use the Burthorpe Games Room.,,Easy,10,
837,Asgarnia,Enter the Games Room Cellar.,,Easy,10,
838,Asgarnia,Teleport to Falador.,37 Magic,Medium,30,
839,Asgarnia,Teleport to Taverley.,40 Magic,Medium,30,
840,Asgarnia,Enter the Falador Party Room Chest Area.,,Easy,10,
841,Asgarnia,Train on Crabs near Rimmington.,,Easy,10,
842,Asgarnia,Fish on the Docks in Port Sarim.,,Easy,10,
843,Asgarnia,Enter the Mudskipper Point Area.,,Easy,10,
844,Asgarnia,Catch a Mudskipper.,10 Fishing,Easy,10,
845,Asgarnia,Burn Oak Logs in Port Sarim.,15 Firemaking,Easy,10,
846,Asgarnia,Fill an Inventory with Coal in the Mining Guild.,30 Mining,Medium,30,
847,Asgarnia,Fill an Inventory with Lobsters in Port Sarim.,40 Fishing,Medium,30,
848,Asgarnia,Fill an Inventory with Willow Logs near Port Sarim.,30 Woodcutting,Medium,30,
849,Asgarnia,Use the Port Sarim Spirit Tree.,,Easy,10,
850,Asgarnia,Enter the Taverley Summoning Area.,,Easy,10,
851,Asgarnia,Catch an Impling in Puro-Puro Entrance Area.,17 Hunter,Easy,10,
852,Asgarnia,Mine Blurite Ore.,10 Mining,Easy,10,
853,Asgarnia,Use the Falador Herb Patch.,9 Farming,Easy,10,
854,Asgarnia,Harvest Herbs in Falador.,9 Farming,Easy,10,
855,Asgarnia,Visit the Falador Hairdresser.,,Easy,10,
856,Asgarnia,Enter Falador Park.,,Easy,10,
857,Asgarnia,Climb the Falador Castle Wall.,,Easy,10,
858,Fremennik,Enter the Fremennik Slayer Dungeon.,,Easy,10,
859,Fremennik,Enter the Waterbirth Island Dungeon.,,Medium,30,
860,Fremennik,Enter the Ancient Cavern.,,Hard,80,
861,Fremennik,Enter the Lighthouse Basement.,,Medium,30,
862,Fremennik,Enter Jatizso.,,Easy,10,
863,Fremennik,Enter Neitiznot.,,Easy,10,
864,Fremennik,Enter Miscellania.,,Medium,30,
865,Fremennik,Enter Etceteria.,,Medium,30,
866,Fremennik,Enter Lunar Isle.,65 Magic,Hard,80,
867,Fremennik,Mine Coal in Fremennik.,30 Mining,Medium,30,
868,Fremennik,Mine Mithril Ore in Fremennik.,55 Mining,Medium,30,
869,Fremennik,Mine Adamantite Ore in Fremennik.,70 Mining,Hard,80,
870,Fremennik,Fill an Inventory with Coal in Fremennik.,30 Mining,Medium,30,
871,Fremennik,Catch Lobsters in Fremennik.,40 Fishing,Medium,30,
872,Fremennik,Catch Sharks in Fremennik.,76 Fishing,Hard,80,
873,Fremennik,Cook Sharks in Fremennik.,80 Cooking,Hard,80,
874,Fremennik,Fish at the Barbarian Fishing Spot.,48 Fishing,Medium,30,
875,Fremennik,Catch Leaping Trout in Fremennik.,48 Fishing,Medium,30,
876,Fremennik,Catch Leaping Salmon in Fremennik.,58 Fishing,Medium,30,
877,Fremennik,Catch Leaping Sturgeon in Fremennik.,70 Fishing,Hard,80,
878,Fremennik,Chop Arctic Pine Trees in Fremennik.,54 Woodcutting,Medium,30,
879,Fremennik,Burn Arctic Pine Logs in Fremennik.,42 Firemaking,Medium,30,
880,Fremennik,Chop Maple Trees in Fremennik.,45 Woodcutting,Medium,30,
881,Fremennik,Chop Yew Trees in Fremennik.,60 Woodcutting,Hard,80,
882,Fremennik,Catch a Polar Kebbit in Fremennik.,,Easy,10,
883,Fremennik,Catch a Cerulean Twitches in Fremennik.,11 Hunter,Easy,10,
884,Fremennik,Catch a Sabre-toothed Kebbit in Fremennik.,37 Hunter,Medium,30,
885,Fremennik,Catch a Dark Kebbit in Fremennik.,57 Hunter,Medium,30,
886,Fremennik,Use a Fairy Ring in Fremennik.,,Easy,10,
887,Fremennik,Use the Rellekka Agility Shortcut.,30 Agility,Medium,30,
888,Fremennik,Cross the Fremennik Log Balance.,35 Agility,Medium,30,
889,Fremennik,Teleport to Lunar Isle.,69 Magic,Hard,80,
890,Fremennik,Teleport to Waterbirth Island.,72 Magic,Hard,80,
891,Fremennik,Use the Lunar Spellbook.,65 Magic,Hard,80,
892,Fremennik,Tan Hides in Fremennik.,,Easy,10,
893,Fremennik,Craft a Fremennik Shield.,25 Crafting,Easy,10,
894,Fremennik,Craft Yak-hide Armor in Fremennik.,46 Crafting,Medium,30,
895,Fremennik,Smith a Mithril Item in Fremennik.,50 Smithing,Medium,30,
896,Fremennik,Smith an Adamant Item in Fremennik.,70 Smithing,Hard,80,
897,Fremennik,Defeat a Rock Crab in Fremennik.,,Easy,10,
898,Fremennik,Defeat a Dagannoth in Fremennik.,,Medium,30,
899,Fremennik,Defeat a Wallasalki in Fremennik.,,Hard,80,
900,Fremennik,Defeat an Ice Troll in Fremennik.,,Hard,80,
901,Fremennik,Defeat a Basilisk in Fremennik.,,Medium,30,
902,Fremennik,Defeat a Turoth in Fremennik.,,Medium,30,
903,Fremennik,Defeat a Kurask in Fremennik.,,Hard,80,
904,Fremennik,Defeat a Skeletal Wyvern in Fremennik.,,Hard,80,
905,Fremennik,Recharge Prayer at the Rellekka Altar.,31 Prayer,Medium,30,
906,Fremennik,Fill a Bucket with Wax in Fremennik.,,Easy,10,
907,Fremennik,Use the Furnace in Fremennik.,,Easy,10,
908,Fremennik,Use the Anvil in Fremennik.,,Easy,10,
909,Fremennik,Buy Fish from the Rellekka Market.,,Easy,10,
910,Fremennik,Speak to Peer the Seer.,,Easy,10,
911,Fremennik,Speak to Jarvald.,,Easy,10,
912,Fremennik,Speak to Baba Yaga.,,Easy,10,
913,Fremennik,Enter the Keldagrim Entrance Tunnel.,,Easy,10,
914,Fremennik,Ride the Boat to Waterbirth Island.,,Easy,10,
915,Fremennik,Ride the Boat to Miscellania.,,Easy,10,
916,Fremennik,Catch Monkfish in Fremennik.,62 Fishing,Hard,80,
917,Fremennik,Burn Yew Logs in Fremennik.,60 Firemaking,Hard,80,
918,Fremennik,Mine Runite Ore in Fremennik.,85 Mining,Hard,80,
919,Fremennik,Fill an Inventory with Arctic Pine Logs in Fremennik.,54 Woodcutting,Medium,30,
920,Fremennik,Enter the Penguin Agility Course.,30 Agility,Medium,30,
921,Fremennik,Complete a Lap of the Penguin Agility Course.,30 Agility,Medium,30,
922,Fremennik,Fish from the Fremennik Docks.,40 Fishing,Medium,30,
923,Fremennik,Use an Enchanted Lyre Teleport.,,Easy,10,
924,Fremennik,Catch an Impling in Fremennik.,17 Hunter,Easy,10,
925,Fremennik,Fill an Inventory with Lobsters in Fremennik.,40 Fishing,Medium,30,
926,Kandarin,Enter the Fishing Guild.,68 Fishing,Hard,80,
927,Kandarin,Enter the Ranging Guild.,40 Ranged,Medium,30,
928,Kandarin,Enter the Wizards’ Guild.,66 Magic,Hard,80,
929,Kandarin,Enter the Legends’ Guild.,107 Quest Points,Hard,80,
930,Kandarin,Enter the Sorcerer’s Tower.,,Easy,10,
931,Kandarin,Enter the Sinclair Mansion.,,Easy,10,
932,Kandarin,Enter McGrubor’s Wood.,,Easy,10,
933,Kandarin,Enter the Ardougne Sewers.,,Easy,10,
934,Kandarin,Enter the Poison Waste Dungeon.,,Medium,30,
935,Kandarin,Enter the Feldip Hunter Area.,,Easy,10,
936,Kandarin,Train at the Seers’ Village Rooftop Course.,60 Agility,Hard,80,
937,Kandarin,Use the Coal Trucks.,20 Mining,Easy,10,
938,Kandarin,Mine Coal in Kandarin.,30 Mining,Medium,30,
939,Kandarin,Mine Mithril Ore in Kandarin.,55 Mining,Medium,30,
940,Kandarin,Fill an Inventory with Coal in Kandarin.,30 Mining,Medium,30,
941,Kandarin,Fish Trout in Kandarin.,20 Fishing,Easy,10,
942,Kandarin,Fish Lobsters in Kandarin.,40 Fishing,Medium,30,
943,Kandarin,Fish Sharks in Kandarin.,76 Fishing,Hard,80,
944,Kandarin,Cook Sharks in Kandarin.,80 Cooking,Hard,80,
945,Kandarin,Chop Maple Trees in Kandarin.,45 Woodcutting,Medium,30,
946,Kandarin,Chop Yew Trees in Kandarin.,60 Woodcutting,Hard,80,
947,Kandarin,Chop Magic Trees in Kandarin.,75 Woodcutting,Hard,80,
948,Kandarin,Fill an Inventory with Maple Logs in Kandarin.,45 Woodcutting,Medium,30,
949,Kandarin,Burn Maple Logs in Kandarin.,45 Firemaking,Medium,30,
950,Kandarin,Burn Magic Logs in Kandarin.,75 Firemaking,Hard,80,
951,Kandarin,Catch Copper Longtails in Kandarin.,9 Hunter,Easy,10,
952,Kandarin,Catch Tropical Wagtails in Kandarin.,19 Hunter,Easy,10,
953,Kandarin,Catch Orange Salamanders in Kandarin.,47 Hunter,Medium,30,
954,Kandarin,Catch Red Salamanders in Kandarin.,59 Hunter,Medium,30,
955,Kandarin,Catch Chinchompas in Kandarin.,53 Hunter,Medium,30,
956,Kandarin,Catch Red Chinchompas in Kandarin.,63 Hunter,Hard,80,
957,Kandarin,Use the Seers’ Village Agility Shortcut.,60 Agility,Hard,80,
958,Kandarin,Cross the Log Balance in Kandarin.,20 Agility,Easy,10,
959,Kandarin,Teleport to Camelot.,45 Magic,Medium,30,
960,Kandarin,Teleport to Ardougne.,51 Magic,Medium,30,
961,Kandarin,Use the Camelot Teleport Spell.,45 Magic,Medium,30,
962,Kandarin,Craft Water Runes in Kandarin.,5 Runecrafting,Easy,10,
963,Kandarin,Craft Law Runes in Kandarin.,54 Runecrafting,Medium,30,
964,Kandarin,Craft Death Runes in Kandarin.,65 Runecrafting,Hard,80,
965,Kandarin,Pickpocket a Cake Stall in Kandarin.,5 Thieving,Easy,10,
966,Kandarin,Pickpocket a Silk Stall in Kandarin.,20 Thieving,Easy,10,
967,Kandarin,Pickpocket a Master Farmer in Kandarin.,38 Thieving,Medium,30,
968,Kandarin,Pickpocket a Hero in Kandarin.,80 Thieving,Hard,80,
969,Kandarin,Use the Ardougne Market Stalls.,5 Thieving,Easy,10,
970,Kandarin,Harvest Flax in Kandarin.,10 Crafting,Easy,10,
971,Kandarin,Spin Flax in Kandarin.,10 Crafting,Easy,10,
972,Kandarin,Craft a Battlestaff in Kandarin.,54 Crafting,Medium,30,
973,Kandarin,Craft a Black Dragonhide Item in Kandarin.,84 Crafting,Hard,80,
974,Kandarin,Smith a Mithril Item in Kandarin.,50 Smithing,Medium,30,
975,Kandarin,Smith an Adamant Item in Kandarin.,70 Smithing,Hard,80,
976,Kandarin,Defeat a Guard in Kandarin.,,Easy,10,
977,Kandarin,Defeat an Ogre in Kandarin.,,Medium,30,
978,Kandarin,Defeat a Terrorbird in Kandarin.,,Medium,30,
979,Kandarin,Defeat a Blue Dragon in Kandarin.,,Hard,80,
980,Kandarin,Defeat a Black Demon in Kandarin.,,Hard,80,
981,Kandarin,Defeat a Fire Giant in Kandarin.,,Medium,30,
982,Kandarin,Defeat a Poison Spider in Kandarin.,,Medium,30,
983,Kandarin,Defeat a Wolf in Kandarin.,,Easy,10,
984,Kandarin,Recharge Prayer at the Seers’ Village Church.,31 Prayer,Medium,30,
985,Kandarin,Use the Furnace in Ardougne.,,Easy,10,
986,Kandarin,Use the Anvil in West Ardougne.,,Easy,10,
987,Kandarin,Speak to Sherlock.,,Easy,10,
988,Kandarin,Speak to King Arthur.,,Easy,10,
989,Kandarin,Speak to the Monk of Entrana.,,Easy,10,
990,Kandarin,Ride the Fishing Trawler Boat.,15 Fishing,Easy,10,
991,Kandarin,Catch Fish on the Fishing Trawler.,15 Fishing,Easy,10,
992,Kandarin,Use the Spirit Tree in Kandarin.,,Easy,10,
993,Kandarin,Enter the Gnome Stronghold Agility Course.,,Easy,10,
994,Kandarin,Complete a Lap of the Gnome Stronghold Agility Course.,,Easy,10,
995,Kandarin,Enter the Barbarian Outpost Agility Course.,35 Agility,Medium,30,
996,Kandarin,Complete a Lap of the Barbarian Outpost Agility Course.,35 Agility,Medium,30,
997,Kandarin,Fill an Inventory with Flax in Kandarin.,10 Crafting,Easy,10,
998,Kandarin,Fill an Inventory with Chinchompas in Kandarin.,53 Hunter,Medium,30,
999,Kandarin,Burn Yew Logs in Kandarin.,60 Firemaking,Hard,80,
1000,Kandarin,Catch an Impling in Kandarin.,17 Hunter,Easy,10,
1001,Kandarin,Use a Fairy Ring in Kandarin.,,Easy,10,
1002,Kandarin,Fish at Catherby Beach.,16 Fishing,Easy,10,
1003,Kandarin,Cook Lobsters in Catherby.,40 Cooking,Medium,30,
1004,Desert,Enter Sophanem.,,Medium,30,
1005,Desert,Enter Menaphos.,,Hard,80,
1006,Desert,Enter the Kalphite Lair.,,Medium,30,
1007,Desert,Enter the Smoke Dungeon.,,Hard,80,
1008,Desert,Enter the Ancient Pyramid.,50 Thieving,Medium,30,
1009,Desert,Enter the Agility Pyramid.,30 Agility,Medium,30,
1010,Desert,Enter the Desert Mining Camp.,,Easy,10,
1011,Desert,Enter Pollnivneach Slayer Dungeon.,,Hard,80,
1012,Desert,Enter the Ancient Cavern in the Desert.,,Hard,80,
1013,Desert,Complete a Lap of the Agility Pyramid.,30 Agility,Medium,30,
1014,Desert,Climb the Agility Pyramid.,30 Agility,Medium,30,
1015,Desert,Steal from a Silk Stall in Pollnivneach.,20 Thieving,Easy,10,
1016,Desert,Pickpocket a Bandit in Pollnivneach.,55 Thieving,Medium,30,
1017,Desert,Pickpocket a Menaphite Thug in Pollnivneach.,65 Thieving,Hard,80,
1018,Desert,Steal from a Spice Stall in the Desert.,65 Thieving,Hard,80,
1019,Desert,Mine Granite in the Desert.,45 Mining,Medium,30,
1020,Desert,Mine Sandstone in the Desert.,35 Mining,Medium,30,
1021,Desert,Fill an Inventory with Granite in the Desert.,45 Mining,Medium,30,
1022,Desert,Fill an Inventory with Sandstone in the Desert.,35 Mining,Medium,30,
1023,Desert,Catch Desert Lizards in the Desert.,22 Hunter,Easy,10,
1024,Desert,Catch Orange Salamanders in the Desert.,47 Hunter,Medium,30,
1025,Desert,Catch Red Salamanders in the Desert.,59 Hunter,Medium,30,
1026,Desert,Catch Black Salamanders in the Desert.,67 Hunter,Hard,80,
1027,Desert,Catch a Desert Devil in the Desert.,13 Hunter,Easy,10,
1028,Desert,Catch a Dragon Impling in the Desert.,83 Hunter,Hard,80,
1029,Desert,Fish Desert Sole in the Desert.,28 Fishing,Easy,10,
1030,Desert,Fish Catfish in the Desert.,46 Fishing,Medium,30,
1031,Desert,Fish Sharks in the Desert.,76 Fishing,Hard,80,
1032,Desert,Cook Catfish in the Desert.,43 Cooking,Medium,30,
1033,Desert,Cook Sharks in the Desert.,80 Cooking,Hard,80,
1034,Desert,Chop Dead Trees in the Desert.,,Easy,10,
1035,Desert,Burn Oak Logs in the Desert.,15 Firemaking,Easy,10,
1036,Desert,Burn Magic Logs in the Desert.,75 Firemaking,Hard,80,
1037,Desert,Craft Fire Runes in the Desert.,14 Runecrafting,Easy,10,
1038,Desert,Craft Smoke Runes in the Desert.,15 Runecrafting,Easy,10,
1039,Desert,Craft Steam Runes in the Desert.,19 Runecrafting,Easy,10,
1040,Desert,Craft Lava Runes in the Desert.,23 Runecrafting,Easy,10,
1041,Desert,Teleport to Pollnivneach.,66 Magic,Hard,80,
1042,Desert,Teleport to Nardah.,70 Magic,Hard,80,
1043,Desert,Use the Ancient Magicks Spellbook.,50 Magic,Medium,30,
1044,Desert,Cast Ice Burst in the Desert.,70 Magic,Hard,80,
1045,Desert,Cast Ice Barrage in the Desert.,94 Magic,Elite,200,
1046,Desert,Defeat a Desert Lizard in the Desert.,,Easy,10,
1047,Desert,Defeat a Bandit in the Desert.,,Medium,30,
1048,Desert,Defeat a Menaphite Thug in the Desert.,,Hard,80,
1049,Desert,Defeat a Scarab Mage in the Desert.,,Medium,30,
1050,Desert,Defeat a Dust Devil in the Desert.,,Hard,80,
1051,Desert,Defeat a Smoke Devil in the Desert.,,Elite,200,
1052,Desert,Defeat a Kalphite Worker in the Desert.,,Easy,10,
1053,Desert,Defeat a Kalphite Soldier in the Desert.,,Medium,30,
1054,Desert,Defeat a Kalphite Guardian in the Desert.,,Hard,80,
1055,Desert,Defeat a Crocodile in the Desert.,,Medium,30,
1056,Desert,Defeat a Jackal in the Desert.,,Easy,10,
1057,Desert,Defeat a Locust Rider in the Desert.,,Hard,80,
1058,Desert,Recharge Prayer at the Sophanem Altar.,31 Prayer,Medium,30,
1059,Desert,Use the Pollnivneach General Store.,,Easy,10,
1060,Desert,Use the Furnace in Al Kharid.,,Easy,10,
1061,Desert,Use the Anvil in Al Kharid.,,Easy,10,
1062,Desert,Speak to Ali Morrisane.,,Easy,10,
1063,Desert,Speak to Zahur.,,Easy,10,
1064,Desert,Speak to the Bandit Camp Barman.,,Easy,10,
1065,Desert,Use a Carpet Ride in the Desert.,,Easy,10,
1066,Desert,Travel Between Desert Cities by Carpet.,,Easy,10,
1067,Desert,Fill Waterskins in the Desert.,,Easy,10,
1068,Desert,Survive Desert Heat Without Taking Damage.,20 Hitpoints,Easy,10,
1069,Desert,Enter Sophanem Slayer Dungeon.,,Hard,80,
1070,Desert,Fill an Inventory with Granite in Pollnivneach.,45 Mining,Medium,30,
1071,Desert,Fill an Inventory with Sandstone in Pollnivneach.,35 Mining,Medium,30,
1072,Desert,Fill an Inventory with Red Salamanders in the Desert.,59 Hunter,Medium,30,
1073,Desert,Enter the Desert Treasure Pyramid Area.,,Medium,30,
1074,Desert,Use a Fairy Ring in the Desert.,,Easy,10,
1075,Desert,Catch an Impling in the Desert.,17 Hunter,Easy,10,
1076,Desert,Enter the Ruins of Uzer.,,Easy,10,
1077,Desert,Defeat a Skeleton in the Desert.,,Easy,10,
1078,Desert,Defeat a Zombie in the Desert.,,Easy,10,
1079,Desert,Defeat a Locust in the Desert.,,Easy,10,
1080,Desert,Burn Yew Logs in the Desert.,60 Firemaking,Hard,80,
1081,Desert,Craft a Water Battlestaff in the Desert.,54 Crafting,Medium,30,
1082,Morytania,Enter the Slayer Tower.,5 Slayer,Easy,10,
1083,Morytania,Enter Darkmeyer.,,Hard,80,
1084,Morytania,Enter the Barrows Crypts.,,Medium,30,
1085,Morytania,Enter the Haunted Mine.,,Medium,30,
1086,Morytania,Enter the Mort Myre Swamp.,,Easy,10,
1087,Morytania,Enter the Hallowed Sepulchre.,52 Agility,Medium,30,
1088,Morytania,Enter the Grotesque Guardians Rooftop.,75 Slayer,Hard,80,
1089,Morytania,Enter Ver Sinhaza.,,Elite,200,
1090,Morytania,Enter the Theatre of Blood Lobby.,,Elite,200,
1091,Morytania,Complete a Floor of the Hallowed Sepulchre.,52 Agility,Medium,30,
1092,Morytania,Complete a Lap of the Canifis Rooftop Course.,40 Agility,Medium,30,
1093,Morytania,Cross the Broken Bridge in Mort Myre.,30 Agility,Medium,30,
1094,Morytania,Mine Daeyalt Essence in Darkmeyer.,60 Mining,Hard,80,
1095,Morytania,Fish Slimy Eels in Mort Myre.,28 Fishing,Easy,10,
1096,Morytania,Catch Karambwanji in Morytania.,5 Fishing,Easy,10,
1097,Morytania,Cook Slimy Eels in Morytania.,28 Cooking,Easy,10,
1098,Morytania,Chop Hollow Trees in Morytania.,45 Woodcutting,Medium,30,
1099,Morytania,Burn Magic Logs in Morytania.,75 Firemaking,Hard,80,
1100,Morytania,Catch a Swamp Lizard in Morytania.,29 Hunter,Easy,10,
1101,Morytania,Catch a Nature Impling in Morytania.,58 Hunter,Medium,30,
1102,Morytania,Catch a Dragon Impling in Morytania.,83 Hunter,Hard,80,
1103,Morytania,Craft Blood Runes in Morytania.,77 Runecrafting,Hard,80,
1104,Morytania,Craft Nature Runes in Morytania.,44 Runecrafting,Medium,30,
1105,Morytania,Use the Ancient Magicks Spellbook in Morytania.,50 Magic,Medium,30,
1106,Morytania,Teleport to Barrows.,83 Magic,Hard,80,
1107,Morytania,Cast Ice Burst in Morytania.,70 Magic,Hard,80,
1108,Morytania,Cast Ice Barrage in Morytania.,94 Magic,Elite,200,
1109,Morytania,Pickpocket a Villager in Darkmeyer.,50 Thieving,Medium,30,
1110,Morytania,Pickpocket a Vyre in Darkmeyer.,82 Thieving,Hard,80,
1111,Morytania,Steal from a Chest in Hallowed Sepulchre.,52 Agility,Medium,30,
1112,Morytania,Craft Splitbark Armor in Morytania.,40 Crafting,Medium,30,
1113,Morytania,Smith a Mithril Item in Morytania.,50 Smithing,Medium,30,
1114,Morytania,Defeat a Ghoul in Morytania.,,Easy,10,
1115,Morytania,Defeat a Banshee in Morytania.,15 Slayer,Easy,10,
1116,Morytania,Defeat a Bloodveld in Morytania.,50 Slayer,Medium,30,
1117,Morytania,Defeat an Aberrant Spectre in Morytania.,60 Slayer,Hard,80,
1118,Morytania,Defeat a Gargoyle in Morytania.,75 Slayer,Hard,80,
1119,Morytania,Defeat a Nechryael in Morytania.,80 Slayer,Hard,80,
1120,Morytania,Defeat an Abyssal Demon in Morytania.,85 Slayer,Hard,80,
1121,Morytania,Defeat a Cave Horror in Morytania.,58 Slayer,Medium,30,
1122,Morytania,Defeat a Werewolf in Morytania.,,Medium,30,
1123,Morytania,Defeat a Shade in Morytania.,,Easy,10,
1124,Morytania,Defeat a Loar Shade in Morytania.,,Easy,10,
1125,Morytania,Defeat a Pyrefiend in Morytania.,30 Slayer,Medium,30,
1126,Morytania,Defeat a Jelly in Morytania.,52 Slayer,Medium,30,
1127,Morytania,Defeat a Basilisk in Morytania.,40 Slayer,Medium,30,
1128,Morytania,Defeat a Kurask in Morytania.,70 Slayer,Hard,80,
1129,Morytania,Recharge Prayer at the Paterdomus Temple.,31 Prayer,Medium,30,
1130,Morytania,Recharge Prayer in Darkmeyer.,70 Prayer,Hard,80,
1131,Morytania,Use the Furnace in Port Phasmatys.,,Easy,10,
1132,Morytania,Speak to the Strange Old Man.,,Easy,10,
1133,Morytania,Speak to Veliaf Hurtz.,,Easy,10,
1134,Morytania,Speak to the Slayer Master in Canifis.,,Easy,10,
1135,Morytania,Use the Ectofuntus.,31 Prayer,Medium,30,
1136,Morytania,Worship the Ectofuntus.,31 Prayer,Medium,30,
1137,Morytania,Fill an Inventory with Buckets of Slime in Morytania.,,Easy,10,
1138,Morytania,Use a Ghostspeak Amulet in Morytania.,,Easy,10,
1139,Morytania,Enter the Barrows Tunnel.,,Medium,30,
1140,Morytania,Loot the Barrows Chest.,,Hard,80,
1141,Morytania,Complete a Barrows Run.,,Hard,80,
1142,Morytania,Enter the Nightmare Area.,,Hard,80,
1143,Morytania,Enter Slepe.,,Hard,80,
1144,Morytania,Enter Burgh de Rott.,,Medium,30,
1145,Morytania,Burn Shade Remains in Morytania.,20 Firemaking,Easy,10,
1146,Morytania,Open a Shade Chest in Morytania.,,Easy,10,
1147,Morytania,Catch an Impling in Morytania.,17 Hunter,Easy,10,
1148,Morytania,Use a Fairy Ring in Morytania.,,Easy,10,
1149,Morytania,Fill an Inventory with Slimy Eels in Morytania.,28 Fishing,Easy,10,
1150,Morytania,Burn Yew Logs in Morytania.,60 Firemaking,Hard,80,
1151,Morytania,Fill an Inventory with Hollow Bark in Morytania.,45 Woodcutting,Medium,30,
1152,Morytania,Catch a Black Salamander in Morytania.,67 Hunter,Hard,80,
1153,Morytania,Defeat a Vampire in Morytania.,,Medium,30,
1154,Morytania,Defeat a Vyrewatch Sentinel in Morytania.,,Hard,80,
1155,Morytania,Defeat a Flesh Crawler in Morytania.,,Easy,10,
1156,Morytania,Defeat a Giant Bat in Morytania.,,Easy,10,
1157,Morytania,Use the Boat to Port Phasmatys.,,Easy,10,
1158,Morytania,Travel Through Mort Myre Swamp.,,Easy,10,
1159,Tirannwn,Enter Lletya.,50 Agility,Medium,30,
1160,Tirannwn,Enter Prifddinas.,70 Agility,Hard,80,
1161,Tirannwn,Enter the Iorwerth Dungeon.,,Hard,80,
1162,Tirannwn,Enter the Poison Waste.,,Medium,30,
1163,Tirannwn,Enter Zul-Andra.,,Hard,80,
1164,Tirannwn,Enter the Gauntlet Lobby.,,Hard,80,
1165,Tirannwn,Enter the Corrupted Gauntlet Lobby.,,Elite,200,
1166,Tirannwn,Enter the Underground Pass Exit.,50 Agility,Medium,30,
1167,Tirannwn,Enter the Isafdar Forest.,,Medium,30,
1168,Tirannwn,Train at the Prifddinas Agility Course.,75 Agility,Hard,80,
1169,Tirannwn,Complete a Lap of the Prifddinas Agility Course.,75 Agility,Hard,80,
1170,Tirannwn,Use the Dense Forest Agility Shortcut.,56 Agility,Medium,30,
1171,Tirannwn,Cross a Tirannwn Tripwire Trap.,60 Agility,Hard,80,
1172,Tirannwn,Mine Soft Clay in Tirannwn.,,Easy,10,
1173,Tirannwn,Mine Runite Ore in Tirannwn.,85 Mining,Hard,80,
1174,Tirannwn,Fill an Inventory with Soft Clay in Tirannwn.,,Easy,10,
1175,Tirannwn,Catch Raw Bass in Tirannwn.,46 Fishing,Medium,30,
1176,Tirannwn,Catch Raw Shark in Tirannwn.,76 Fishing,Hard,80,
1177,Tirannwn,Cook Sharks in Tirannwn.,80 Cooking,Hard,80,
1178,Tirannwn,Chop Teak Trees in Tirannwn.,35 Woodcutting,Medium,30,
1179,Tirannwn,Chop Magic Trees in Tirannwn.,75 Woodcutting,Hard,80,
1180,Tirannwn,Burn Magic Logs in Tirannwn.,75 Firemaking,Hard,80,
1181,Tirannwn,Catch a Copper Longtail in Tirannwn.,9 Hunter,Easy,10,
1182,Tirannwn,Catch a Carnivorous Chinchompa in Tirannwn.,63 Hunter,Hard,80,
1183,Tirannwn,Catch a Crystal Impling in Tirannwn.,80 Hunter,Hard,80,
1184,Tirannwn,Catch a Dragon Impling in Tirannwn.,83 Hunter,Hard,80,
1185,Tirannwn,Set a Box Trap in Tirannwn.,27 Hunter,Easy,10,
1186,Tirannwn,Craft Cosmic Runes in Tirannwn.,27 Runecrafting,Easy,10,
1187,Tirannwn,Craft Death Runes in Tirannwn.,65 Runecrafting,Hard,80,
1188,Tirannwn,Use the Lunar Spellbook in Tirannwn.,65 Magic,Hard,80,
1189,Tirannwn,Teleport to Prifddinas.,75 Magic,Hard,80,
1190,Tirannwn,Cast Ice Barrage in Tirannwn.,94 Magic,Elite,200,
1191,Tirannwn,Pickpocket an Elf in Tirannwn.,85 Thieving,Hard,80,
1192,Tirannwn,Steal from an Elf Stall in Tirannwn.,75 Thieving,Hard,80,
1193,Tirannwn,Craft a Crystal Key in Tirannwn.,50 Crafting,Medium,30,
1194,Tirannwn,Craft Black Dragonhide Armor in Tirannwn.,84 Crafting,Hard,80,
1195,Tirannwn,Smith an Adamant Item in Tirannwn.,70 Smithing,Hard,80,
1196,Tirannwn,Smith a Rune Item in Tirannwn.,85 Smithing,Hard,80,
1197,Tirannwn,Defeat a Moss Giant in Tirannwn.,,Easy,10,
1198,Tirannwn,Defeat a Shadow Warrior in Tirannwn.,,Medium,30,
1199,Tirannwn,Defeat a Fire Giant in Tirannwn.,,Medium,30,
1200,Tirannwn,Defeat a Greater Demon in Tirannwn.,,Medium,30,
1201,Tirannwn,Defeat a Dark Beast in Tirannwn.,90 Slayer,Elite,200,
1202,Tirannwn,Defeat an Elf Warrior in Tirannwn.,,Hard,80,
1203,Tirannwn,Defeat a Death Spawn in Tirannwn.,,Medium,30,
1204,Tirannwn,Defeat a Mourner in Tirannwn.,,Medium,30,
1205,Tirannwn,Defeat a Kurask in Tirannwn.,70 Slayer,Hard,80,
1206,Tirannwn,Recharge Prayer in Prifddinas.,70 Prayer,Hard,80,
1207,Tirannwn,Use the Furnace in Prifddinas.,70 Agility,Hard,80,
1208,Tirannwn,Use the Anvil in Prifddinas.,70 Agility,Hard,80,
1209,Tirannwn,Speak to Eluned.,,Easy,10,
1210,Tirannwn,Speak to Islwyn.,,Easy,10,
1211,Tirannwn,Speak to Arianwyn.,,Easy,10,
1212,Tirannwn,Use a Crystal Teleport Seed in Tirannwn.,50 Magic,Medium,30,
1213,Tirannwn,Charge a Crystal Teleport Seed.,70 Magic,Hard,80,
1214,Tirannwn,Enter the Crystal Singing Bowl Area.,70 Crafting,Hard,80,
1215,Tirannwn,Create a Crystal Tool in Tirannwn.,70 Crafting,Hard,80,
1216,Tirannwn,Create Crystal Armor in Tirannwn.,80 Crafting,Hard,80,
1217,Tirannwn,Fish in the Prifddinas Waterfall Area.,70 Fishing,Hard,80,
1218,Tirannwn,Burn Yew Logs in Tirannwn.,60 Firemaking,Hard,80,
1219,Tirannwn,Fill an Inventory with Teak Logs in Tirannwn.,35 Woodcutting,Medium,30,
1220,Tirannwn,Catch an Impling in Tirannwn.,17 Hunter,Easy,10,
1221,Tirannwn,Use a Fairy Ring in Tirannwn.,,Easy,10,
1222,Tirannwn,Enter the Rabbit Hole Shortcut in Tirannwn.,60 Agility,Hard,80,
1223,Tirannwn,Cross the Leaf Trap in Tirannwn.,65 Agility,Hard,80,
1224,Tirannwn,Mine Crystal Shards in Tirannwn.,70 Mining,Hard,80,
1225,Tirannwn,Catch a Black Warlock in Tirannwn.,45 Hunter,Medium,30,
1226,Tirannwn,Defeat a Rabbit in Tirannwn.,,Easy,10,
1227,Tirannwn,Defeat a Bear in Tirannwn.,,Easy,10,
1228,Tirannwn,Defeat a Wolf in Tirannwn.,,Easy,10,
1229,Tirannwn,Fill an Inventory with Bass in Tirannwn.,46 Fishing,Medium,30,
1230,Tirannwn,Catch Raw Lobsters in Tirannwn.,40 Fishing,Medium,30,
1231,Tirannwn,Cook Raw Lobsters in Tirannwn.,40 Cooking,Medium,30,
1232,Tirannwn,Use the Sawmill in Prifddinas.,70 Agility,Hard,80,
1233,Tirannwn,Enter the Cadarn District.,70 Agility,Hard,80,
1234,Tirannwn,Enter the Iorwerth District.,70 Agility,Hard,80,
1235,Tirannwn,Enter the Crwys District.,70 Agility,Hard,80,
1236,Wilderness,Enter the Wilderness.,,Easy,10,
1237,Wilderness,Enter Level 10 Wilderness.,,Easy,10,
1238,Wilderness,Enter Level 20 Wilderness.,,Medium,30,
1239,Wilderness,Enter Level 30 Wilderness.,,Hard,80,
1240,Wilderness,Enter Level 50 Wilderness.,,Hard,80,
1241,Wilderness,Enter the Wilderness Slayer Cave.,,Hard,80,
1242,Wilderness,Enter the Revenant Caves.,,Hard,80,
1243,Wilderness,Enter the Lava Maze.,,Medium,30,
1244,Wilderness,Enter the Wilderness Agility Course.,52 Agility,Medium,30,
1245,Wilderness,Complete a Lap of the Wilderness Agility Course.,52 Agility,Medium,30,
1246,Wilderness,Cross the Wilderness Agility Pipe.,52 Agility,Medium,30,
1247,Wilderness,Mine Runite Ore in the Wilderness.,85 Mining,Hard,80,
1248,Wilderness,Mine Adamantite Ore in the Wilderness.,70 Mining,Hard,80,
1249,Wilderness,Fish Dark Crabs in the Wilderness.,85 Fishing,Hard,80,
1250,Wilderness,Cook Dark Crabs in the Wilderness.,90 Cooking,Elite,200,
1251,Wilderness,Chop Magic Trees in the Wilderness.,75 Woodcutting,Hard,80,
1252,Wilderness,Burn Magic Logs in the Wilderness.,75 Firemaking,Hard,80,
1253,Wilderness,Catch Black Salamanders in the Wilderness.,67 Hunter,Hard,80,
1254,Wilderness,Catch a Dragon Impling in the Wilderness.,83 Hunter,Hard,80,
1255,Wilderness,Catch an Impling in the Wilderness.,17 Hunter,Easy,10,
1256,Wilderness,Craft Blood Runes at the Wilderness Blood Altar.,77 Runecrafting,Hard,80,
1257,Wilderness,Craft Chaos Runes in the Wilderness.,35 Runecrafting,Medium,30,
1258,Wilderness,Cast Ice Burst in the Wilderness.,70 Magic,Hard,80,
1259,Wilderness,Cast Ice Barrage in the Wilderness.,94 Magic,Elite,200,
1260,Wilderness,Teleport from Level 30 Wilderness.,85 Magic,Hard,80,
1261,Wilderness,Pick the Wilderness Lever.,,Easy,10,
1262,Wilderness,Open the Rogues’ Castle Chest.,50 Thieving,Medium,30,
1263,Wilderness,Steal from the Rogues’ Castle Stalls.,50 Thieving,Medium,30,
1264,Wilderness,Craft Black Dragonhide Armor in the Wilderness.,84 Crafting,Hard,80,
1265,Wilderness,Smith a Rune Item in the Wilderness.,85 Smithing,Hard,80,
1266,Wilderness,Defeat a Skeleton in the Wilderness.,,Easy,10,
1267,Wilderness,Defeat a Zombie in the Wilderness.,,Easy,10,
1268,Wilderness,Defeat a Green Dragon in the Wilderness.,,Hard,80,
1269,Wilderness,Defeat a Greater Demon in the Wilderness.,,Medium,30,
1270,Wilderness,Defeat a Black Demon in the Wilderness.,,Hard,80,
1271,Wilderness,Defeat a Hellhound in the Wilderness.,,Medium,30,
1272,Wilderness,Defeat an Ice Giant in the Wilderness.,,Medium,30,
1273,Wilderness,Defeat an Ice Warrior in the Wilderness.,,Medium,30,
1274,Wilderness,Defeat a Revenant Goblin in the Wilderness.,,Medium,30,
1275,Wilderness,Defeat a Revenant Knight in the Wilderness.,,Hard,80,
1276,Wilderness,Defeat a Revenant Dragon in the Wilderness.,,Elite,200,
1277,Wilderness,Defeat an Ankous in the Wilderness.,,Medium,30,
1278,Wilderness,Defeat a Mammoth in the Wilderness.,,Hard,80,
1279,Wilderness,Defeat a Bandit in the Wilderness.,,Easy,10,
1280,Wilderness,Defeat a Chaos Dwarf in the Wilderness.,,Medium,30,
1281,Wilderness,Defeat a Lava Dragon in the Wilderness.,,Hard,80,
1282,Wilderness,Defeat a Dark Warrior in the Wilderness.,,Medium,30,
1283,Wilderness,Defeat a Rogue in the Wilderness.,,Easy,10,
1284,Wilderness,Defeat a Chaos Fanatic in the Wilderness.,,Hard,80,
1285,Wilderness,Defeat Crazy Archaeologist in the Wilderness.,,Hard,80,
1286,Wilderness,Defeat Scorpia in the Wilderness.,,Hard,80,
1287,Wilderness,Defeat Vet’ion in the Wilderness.,,Elite,200,
1288,Wilderness,Defeat Callisto in the Wilderness.,,Elite,200,
1289,Wilderness,Defeat Venenatis in the Wilderness.,,Elite,200,
1290,Wilderness,Defeat Artio in the Wilderness.,,Hard,80,
1291,Wilderness,Defeat Calvar’ion in the Wilderness.,,Hard,80,
1292,Wilderness,Defeat Spindel in the Wilderness.,,Hard,80,
1293,Wilderness,Recharge Prayer at the Chaos Temple.,31 Prayer,Medium,30,
1294,Wilderness,Use the Fountain of Rune.,80 Magic,Hard,80,
1295,Wilderness,Charge a Glory at the Fountain of Rune.,80 Magic,Hard,80,
1296,Wilderness,Use the Obelisk Network in the Wilderness.,60 Magic,Hard,80,
1297,Wilderness,Restore Stats at Ferox Enclave.,,Easy,10,
1298,Wilderness,Use a Looting Bag in the Wilderness.,,Medium,30,
1299,Wilderness,Fill a Looting Bag in the Wilderness.,,Medium,30,
1300,Wilderness,Use a Burning Amulet to Teleport to the Wilderness.,,Easy,10,
1301,Wilderness,Enter the Deep Wilderness Dungeon.,,Hard,80,
1302,Wilderness,Catch Raw Dark Crabs at the Resource Area.,85 Fishing,Hard,80,
1303,Wilderness,Chop Yew Trees in the Wilderness Resource Area.,60 Woodcutting,Hard,80,
1304,Wilderness,Mine Coal in the Wilderness Resource Area.,30 Mining,Medium,30,
1305,Wilderness,Burn Yew Logs in the Wilderness.,60 Firemaking,Hard,80,
1306,Wilderness,Enter the Corporeal Beast Cave.,,Hard,80,
1307,Wilderness,Use a Fairy Ring in the Wilderness.,,Easy,10,
1308,Wilderness,Enter the Pirate Hut in the Wilderness.,,Easy,10,
1309,Wilderness,Enter the Rogues’ Castle.,,Medium,30,
1310,Wilderness,Enter the Demonic Ruins.,,Medium,30,
1311,Wilderness,Enter the Forgotten Cemetery.,,Medium,30,
1312,Wilderness,Enter the Wilderness God Wars Dungeon.,60 Strength or Agility,Hard,80,
1313,Kourend,Enter the Catacombs of Kourend.,,Easy,10,
1314,Kourend,Enter Mount Karuulm.,,Medium,30,
1315,Kourend,Enter the Karuulm Slayer Dungeon.,,Hard,80,
1316,Kourend,Enter the Farming Guild.,45 Farming,Medium,30,
1317,Kourend,Enter the Woodcutting Guild.,60 Woodcutting,Hard,80,
1318,Kourend,Enter the Farming Guild Mid Tier.,65 Farming,Hard,80,
1319,Kourend,Enter the Farming Guild High Tier.,85 Farming,Hard,80,
1320,Kourend,Enter the Kebos Swamp.,,Medium,30,
1321,Kourend,Enter the Lizardman Canyon.,,Medium,30,
1322,Kourend,Enter the Shayzien Crypts.,,Easy,10,
1323,Kourend,Enter the Arceuus Library.,,Easy,10,
1324,Kourend,Enter the Blood Altar.,77 Runecrafting,Hard,80,
1325,Kourend,Enter the Soul Altar.,90 Runecrafting,Elite,200,
1326,Kourend,Enter the Chasm of Fire.,,Hard,80,
1327,Kourend,Complete a Lap of the Shayzien Agility Course.,5 Agility,Easy,10,
1328,Kourend,Complete a Lap of the Kourend Woodland Course.,45 Agility,Medium,30,
1329,Kourend,Use the Mount Karuulm Agility Shortcut.,70 Agility,Hard,80,
1330,Kourend,Mine Lovakite Ore in Kourend.,65 Mining,Hard,80,
1331,Kourend,Mine Sulphur in Kourend.,42 Mining,Medium,30,
1332,Kourend,Mine Dense Essence in Kourend.,38 Mining,Medium,30,
1333,Kourend,Fish Trout in Kourend.,20 Fishing,Easy,10,
1334,Kourend,Fish Anglerfish in Kourend.,82 Fishing,Hard,80,
1335,Kourend,Cook Anglerfish in Kourend.,84 Cooking,Hard,80,
1336,Kourend,Chop Redwoods in Kourend.,90 Woodcutting,Elite,200,
1337,Kourend,Fill an Inventory with Redwood Logs in Kourend.,90 Woodcutting,Elite,200,
1338,Kourend,Burn Redwood Logs in Kourend.,90 Firemaking,Elite,200,
1339,Kourend,Chop Teak Trees in Kourend.,35 Woodcutting,Medium,30,
1340,Kourend,Catch Copper Longtails in Kourend.,9 Hunter,Easy,10,
1341,Kourend,Catch Swamp Lizards in Kourend.,29 Hunter,Easy,10,
1342,Kourend,Catch Red Salamanders in Kourend.,59 Hunter,Medium,30,
1343,Kourend,Catch Herbiboars in Kourend.,80 Hunter,Hard,80,
1344,Kourend,Catch a Dragon Impling in Kourend.,83 Hunter,Hard,80,
1345,Kourend,Set a Box Trap in Kourend.,27 Hunter,Easy,10,
1346,Kourend,Craft Blood Runes in Kourend.,77 Runecrafting,Hard,80,
1347,Kourend,Craft Soul Runes in Kourend.,90 Runecrafting,Elite,200,
1348,Kourend,Use the Arceuus Spellbook.,60 Magic,Hard,80,
1349,Kourend,Teleport to Kourend Castle.,69 Magic,Hard,80,
1350,Kourend,Cast Resurrect Greater Ghost in Kourend.,76 Magic,Hard,80,
1351,Kourend,Cast Ward of Arceuus in Kourend.,73 Magic,Hard,80,
1352,Kourend,Pickpocket a Citizen in Kourend.,25 Thieving,Easy,10,
1353,Kourend,Steal from Fruit Stalls in Kourend.,25 Thieving,Easy,10,
1354,Kourend,Steal from Stone Chests in Kourend.,64 Thieving,Hard,80,
1355,Kourend,Pickpocket a Master Farmer in Kourend.,38 Thieving,Medium,30,
1356,Kourend,Craft Xerician Robes in Kourend.,22 Crafting,Easy,10,
1357,Kourend,Craft Black Dragonhide Armor in Kourend.,84 Crafting,Hard,80,
1358,Kourend,Smith Shayzien Armor in Kourend.,40 Smithing,Medium,30,
1359,Kourend,Smith Lovakite Bars in Kourend.,65 Smithing,Hard,80,
1360,Kourend,Defeat a Sand Crab in Kourend.,,Easy,10,
1361,Kourend,Defeat a Lizardman in Kourend.,,Medium,30,
1362,Kourend,Defeat a Brutal Blue Dragon in Kourend.,,Hard,80,
1363,Kourend,Defeat a Brutal Black Dragon in Kourend.,,Hard,80,
1364,Kourend,Defeat a Wyrm in Kourend.,62 Slayer,Hard,80,
1365,Kourend,Defeat a Drake in Kourend.,84 Slayer,Hard,80,
1366,Kourend,Defeat a Hydra in Kourend.,95 Slayer,Elite,200,
1367,Kourend,Defeat a Dust Devil in Kourend.,65 Slayer,Hard,80,
1368,Kourend,Defeat a Greater Demon in Kourend.,,Medium,30,
1369,Kourend,Defeat a Fire Giant in Kourend.,,Medium,30,
1370,Kourend,Defeat a Hill Giant in Kourend.,,Easy,10,
1371,Kourend,Recharge Prayer at the Kourend Cathedral.,31 Prayer,Medium,30,
1372,Kourend,Use the Furnace in Lovakengj.,,Easy,10,
1373,Kourend,Use the Anvil in Lovakengj.,,Easy,10,
1374,Kourend,Speak to Konar quo Maten.,,Hard,80,
1375,Kourend,Speak to Lord Kandur Hosidius.,,Easy,10,
1376,Kourend,Speak to Veos.,,Easy,10,
1377,Kourend,Use the Minecart Network in Kourend.,,Easy,10,
1378,Kourend,Use a Fairy Ring in Kourend.,,Easy,10,
1379,Kourend,Catch an Impling in Kourend.,17 Hunter,Easy,10,
1380,Kourend,Fill an Inventory with Red Salamanders in Kourend.,59 Hunter,Medium,30,
1381,Kourend,Fill an Inventory with Dense Essence Blocks in Kourend.,38 Mining,Medium,30,
1382,Kourend,Burn Yew Logs in Kourend.,60 Firemaking,Hard,80,
1383,Kourend,Fill an Inventory with Teak Logs in Kourend.,35 Woodcutting,Medium,30,
1384,Kourend,Enter the Wintertodt Camp.,50 Firemaking,Medium,30,
1385,Kourend,Subdue the Wintertodt.,50 Firemaking,Medium,30,
1386,Kourend,Burn Bruma Roots in Kourend.,50 Firemaking,Medium,30,
1387,Kourend,Fletch Kindling in Kourend.,50 Firemaking,Medium,30,
1388,Kourend,Enter the Chambers of Xeric Lobby.,,Elite,200,
1389,Kourend,Enter Mount Quidamortem.,,Hard,80,
1390,Kourend,Fish at Molch Lake.,20 Fishing,Easy,10,
1391,Kourend,Catch Bluegill in Kourend.,43 Fishing,Medium,30,
1392,Kourend,Catch Common Tench in Kourend.,56 Fishing,Medium,30,
1393,Varlamore,Enter Civitas illa Fortis.,,Easy,10,
1394,Varlamore,Enter the Fortis Colosseum.,,Elite,200,
1395,Varlamore,Enter the Hunter Guild.,46 Hunter,Medium,30,
1396,Varlamore,Enter the Avium Savannah.,,Easy,10,
1397,Varlamore,Enter the Tlati Rainforest.,,Medium,30,
1398,Varlamore,Enter Cam Torum.,,Medium,30,
1399,Varlamore,Enter Neypotzli.,,Hard,80,
1400,Varlamore,Enter the Twilight Temple.,,Hard,80,
1401,Varlamore,Enter the Fortis Bazaar.,,Easy,10,
1402,Varlamore,Enter the Hunter Guild Basement.,72 Hunter,Hard,80,
1403,Varlamore,Complete a Lap of the Fortis Rooftop Course.,50 Agility,Medium,30,
1404,Varlamore,Use an Agility Shortcut in Varlamore.,45 Agility,Medium,30,
1405,Varlamore,Cross the Broken Bridge in Varlamore.,60 Agility,Hard,80,
1406,Varlamore,Mine Calcified Deposits in Varlamore.,41 Mining,Medium,30,
1407,Varlamore,Mine Runite Ore in Varlamore.,85 Mining,Hard,80,
1408,Varlamore,Fill an Inventory with Calcified Deposits in Varlamore.,41 Mining,Medium,30,
1409,Varlamore,Fish Sunlight Antelope in Varlamore Waters.,72 Fishing,Hard,80,
1410,Varlamore,Fish Raw Lobsters in Varlamore.,40 Fishing,Medium,30,
1411,Varlamore,Fill an Inventory with Lobsters in Varlamore.,40 Fishing,Medium,30,
1412,Varlamore,Cook Lobsters in Varlamore.,40 Cooking,Medium,30,
1413,Varlamore,Chop Teak Trees in Varlamore.,35 Woodcutting,Medium,30,
1414,Varlamore,Chop Mahogany Trees in Varlamore.,50 Woodcutting,Medium,30,
1415,Varlamore,Fill an Inventory with Mahogany Logs in Varlamore.,50 Woodcutting,Medium,30,
1416,Varlamore,Burn Mahogany Logs in Varlamore.,50 Firemaking,Medium,30,
1417,Varlamore,Catch a Sunlight Moth in Varlamore.,15 Hunter,Easy,10,
1418,Varlamore,Catch a Moonlight Moth in Varlamore.,75 Hunter,Hard,80,
1419,Varlamore,Catch a Sunlight Antelope in Varlamore.,72 Hunter,Hard,80,
1420,Varlamore,Catch a Moonlight Antelope in Varlamore.,91 Hunter,Elite,200,
1421,Varlamore,Catch a Tecu Salamander in Varlamore.,79 Hunter,Hard,80,
1422,Varlamore,Set a Box Trap in Varlamore.,27 Hunter,Easy,10,
1423,Varlamore,Craft Sunfire Runes in Varlamore.,54 Runecrafting,Medium,30,
1424,Varlamore,Use the Arceuus Spellbook in Varlamore.,60 Magic,Hard,80,
1425,Varlamore,Cast Superior Demonbane in Varlamore.,62 Magic,Hard,80,
1426,Varlamore,Teleport to Civitas illa Fortis.,54 Magic,Medium,30,
1427,Varlamore,Pickpocket a Wealthy Citizen in Varlamore.,50 Thieving,Medium,30,
1428,Varlamore,Steal from a Market Stall in Varlamore.,25 Thieving,Easy,10,
1429,Varlamore,Steal from a Chest in Varlamore.,72 Thieving,Hard,80,
1430,Varlamore,Craft Sunfire Fanatic Armor in Varlamore.,66 Crafting,Hard,80,
1431,Varlamore,Craft Black Dragonhide Armor in Varlamore.,84 Crafting,Hard,80,
1432,Varlamore,Smith Mithril Armor in Varlamore.,50 Smithing,Medium,30,
1433,Varlamore,Smith Rune Armor in Varlamore.,85 Smithing,Hard,80,
1434,Varlamore,Defeat a Harpy in Varlamore.,,Easy,10,
1435,Varlamore,Defeat a Frost Nagua in Varlamore.,,Hard,80,
1436,Varlamore,Defeat a Sulphur Nagua in Varlamore.,,Hard,80,
1437,Varlamore,Defeat a Javelin Colossus in Varlamore.,,Hard,80,
1438,Varlamore,Defeat a Minotaur in Varlamore.,,Easy,10,
1439,Varlamore,Defeat a Snake in Varlamore.,,Easy,10,
1440,Varlamore,Defeat a Jaguar Warrior in Varlamore.,,Medium,30,
1441,Varlamore,Defeat a Sulphur Lizard in Varlamore.,,Medium,30,
1442,Varlamore,Defeat a Colosseum Wave in Varlamore.,,Elite,200,
1443,Varlamore,Recharge Prayer in Varlamore.,31 Prayer,Medium,30,
1444,Varlamore,Use the Furnace in Cam Torum.,,Medium,30,
1445,Varlamore,Use the Anvil in Cam Torum.,,Medium,30,
1446,Varlamore,Speak to the Hunter Guild Master.,46 Hunter,Medium,30,
1447,Varlamore,Speak to Servius.,,Easy,10,
1448,Varlamore,Speak to the Colosseum Recruiter.,,Hard,80,
1449,Varlamore,Use a Quetzal Transport in Varlamore.,,Easy,10,
1450,Varlamore,Ride a Quetzal in Varlamore.,,Easy,10,
1451,Varlamore,Use a Fairy Ring in Varlamore.,,Easy,10,
1452,Varlamore,Catch an Impling in Varlamore.,17 Hunter,Easy,10,
1453,Varlamore,Fill an Inventory with Mahogany Logs in Varlamore.,50 Woodcutting,Medium,30,
1454,Varlamore,Burn Yew Logs in Varlamore.,60 Firemaking,Hard,80,
1455,Varlamore,Enter the Perilous Moons Area.,,Hard,80,
1456,Varlamore,Defeat a Moonlight Creature in Varlamore.,,Hard,80,
1457,Varlamore,Enter the Earthbound Cavern in Varlamore.,,Hard,80,
1458,Varlamore,Mine Barronite in Varlamore.,14 Mining,Easy,10,
1459,Varlamore,Fill an Inventory with Barronite in Varlamore.,14 Mining,Easy,10,
1460,Varlamore,Fish at the Varlamore Coastline.,20 Fishing,Easy,10,
1461,Varlamore,Catch Raw Swordfish in Varlamore.,50 Fishing,Medium,30,
1462,Varlamore,Cook Swordfish in Varlamore.,45 Cooking,Medium,30,
1463,Varlamore,Enter the Bazaar Upper Level.,40 Agility,Medium,30,
1464,Varlamore,Cross Rooftops in Civitas illa Fortis.,50 Agility,Medium,30,
1465,Varlamore,Catch a Butterfly in Varlamore.,15 Hunter,Easy,10,
1466,Varlamore,Fill an Inventory with Calcified Deposits in Cam Torum.,41 Mining,Medium,30,
1467,General,Achieve Level 10 Combat,,Easy,10,
1468,General,Achieve Level 20 Combat,,Easy,10,
1469,General,Achieve Level 30 Combat,,Medium,30,
1470,General,Achieve Level 40 Combat,,Medium,30,
1471,General,Achieve Level 50 Combat,,Medium,30,
1472,General,Achieve Level 60 Combat,,Hard,80,
1473,General,Achieve Level 70 Combat,,Hard,80,
1474,General,Achieve Level 80 Combat,,Hard,80,
1475,General,Achieve Level 90 Combat,,Elite,200,
1476,General,Achieve Level 100 Combat,,Elite,200,
1477,General,Achieve Level 110 Combat,,Elite,200,
1478,General,Achieve Level 120 Combat,,Master,400,
1479,General,Achieve Level 126 Combat,,Master,400,
1480,Misthalin,Equip a Hill Giant Club.,40 Attack,Medium,30,
1481,Misthalin,Equip Bryophyta’s Staff.,30 Magic,Medium,30,
1482,Wilderness,Equip a Dragon Pickaxe.,61 Mining,Hard,80,
1483,Wilderness,Equip a Tyrannical Ring.,75 Hitpoints,Hard,80,
1484,Wilderness,Equip a Treasonous Ring.,75 Hitpoints,Hard,80,
1485,Wilderness,Equip a Ring of the Gods.,75 Hitpoints,Hard,80,
1486,Wilderness,Equip Craw’s Bow.,60 Ranged,Hard,80,
1487,Wilderness,Equip Viggora’s Chainmace.,60 Attack,Hard,80,
1488,Wilderness,Equip Thammaron’s Sceptre.,60 Magic,Hard,80,
1489,Wilderness,Equip an Amulet of Avarice.,50 Crafting,Hard,80,
1490,Wilderness,Equip a Revenant Weapon Upgrade.,60 Combat,Hard,80,
1491,Asgarnia,Equip a Saradomin Sword.,70 Attack,Hard,80,
1492,Asgarnia,Equip a Zamorakian Spear.,70 Attack,Hard,80,
1493,Asgarnia,Equip an Armadyl Crossbow.,70 Ranged,Hard,80,
1494,Asgarnia,Equip Bandos Tassets.,65 Defence,Hard,80,
1495,Asgarnia,Equip Bandos Chestplate.,65 Defence,Hard,80,
1496,Asgarnia,Equip an Armadyl Chestplate.,70 Defence,Hard,80,
1497,Asgarnia,Equip Armadyl Chainskirt.,70 Defence,Hard,80,
1498,Asgarnia,Equip a Saradomin Godsword.,75 Attack,Hard,80,
1499,Asgarnia,Equip a Zamorak Godsword.,75 Attack,Hard,80,
1500,Asgarnia,Equip an Armadyl Godsword.,75 Attack,Hard,80,
1501,Asgarnia,Equip a Bandos Godsword.,75 Attack,Hard,80,
1502,Asgarnia,Equip Dragon Boots.,60 Defence,Hard,80,
1503,Asgarnia,Equip Primordial Boots.,75 Strength,Hard,80,
1504,Asgarnia,Equip Pegasian Boots.,75 Ranged,Hard,80,
1505,Asgarnia,Equip Eternal Boots.,75 Magic,Hard,80,
1506,Asgarnia,Equip a Granite Ring.,50 Defence,Medium,30,
1507,Asgarnia,Equip a Granite Hammer.,50 Attack,Medium,30,
1508,Asgarnia,Equip a Black Tourmaline Core.,65 Slayer,Hard,80,
1509,Fremennik,Equip a Berserker Ring.,45 Defence,Hard,80,
1510,Fremennik,Equip an Archer Ring.,45 Defence,Hard,80,
1511,Fremennik,Equip a Seers Ring.,45 Defence,Hard,80,
1512,Fremennik,Equip a Warrior Ring.,45 Defence,Hard,80,
1513,Fremennik,Equip a Dragon Axe.,60 Attack,Hard,80,
1514,Fremennik,Equip a Mud Battlestaff.,30 Magic,Medium,30,
1515,Fremennik,Equip a Leaf-Bladed Battleaxe.,65 Attack,Hard,80,
1516,Fremennik,Equip Fremennik Blade Armor.,50 Defence,Medium,30,
1517,Fremennik,Equip a Helm of Neitiznot.,55 Defence,Medium,30,
1518,Fremennik,Equip a Basilisk Jaw.,60 Defence,Hard,80,
1519,Fremennik,Equip a Dragonbone Necklace.,80 Prayer,Hard,80,
1520,Fremennik,Equip Vorkath’s Head.,70 Defence,Hard,80,
1521,Fremennik,Equip a Skeletal Visage.,75 Defence,Hard,80,
1522,Fremennik,Equip a Draconic Visage.,75 Defence,Hard,80,
1523,Fremennik,Equip a Jar of Decay.,60 Combat,Hard,80,
1524,Morytania,Equip an Abyssal Whip.,70 Attack,Hard,80,
1525,Morytania,Equip an Abyssal Dagger.,70 Attack,Hard,80,
1526,Morytania,Equip an Abyssal Bludgeon.,70 Attack,Hard,80,
1527,Morytania,Equip Granite Gloves.,50 Defence,Medium,30,
1528,Morytania,Equip a Black Mask.,10 Defence,Medium,30,
1529,Morytania,Equip an Occult Necklace.,70 Magic,Hard,80,
1530,Morytania,Equip a Trident of the Seas.,75 Magic,Hard,80,
1531,Morytania,Equip a Trident of the Swamp.,78 Magic,Hard,80,
1532,Morytania,Equip an Abyssal Tentacle.,75 Attack,Hard,80,
1533,Morytania,Equip a Kraken Tentacle.,75 Magic,Hard,80,
1534,Morytania,Equip a Granite Maul Ornament Kit.,50 Attack,Medium,30,
1535,Morytania,Equip Dharok’s Greataxe.,70 Attack,Hard,80,
1536,Morytania,Equip Guthan’s Warspear.,70 Attack,Hard,80,
1537,Morytania,Equip Karil’s Crossbow.,70 Ranged,Hard,80,
1538,Morytania,Equip Ahrim’s Staff.,70 Magic,Hard,80,
1539,Morytania,Equip Torag’s Hammers.,70 Attack,Hard,80,
1540,Morytania,Equip Verac’s Flail.,70 Attack,Hard,80,
1541,Morytania,Equip Justiciar Faceguard.,75 Defence,Elite,200,
1542,Morytania,Equip a Scythe of Vitur.,75 Attack,Master,400,
1543,Morytania,Equip a Sanguinesti Staff.,75 Magic,Elite,200,
1544,Morytania,Equip Ghrazi Rapier.,75 Attack,Elite,200,
1545,Morytania,Equip Avernic Defender Hilt.,70 Defence,Elite,200,
1546,Morytania,Equip a Nightmare Staff.,65 Magic,Elite,200,
1547,Morytania,Equip an Inquisitor’s Mace.,75 Attack,Elite,200,
1548,Morytania,Equip Inquisitor’s Armour.,70 Defence,Elite,200,
1549,Morytania,Equip a Harmonised Orb Weapon.,75 Magic,Elite,200,
1550,Desert,Equip an Ancient Staff.,50 Magic,Medium,30,
1551,Desert,Equip a Dragon Chainbody.,60 Defence,Hard,80,
1552,Desert,Equip a Keris Partisan.,50 Attack,Medium,30,
1553,Desert,Equip Osmumten’s Fang.,82 Attack,Elite,200,
1554,Desert,Equip Elidinis’ Ward.,80 Defence,Elite,200,
1555,Desert,Equip Masori Body Armour.,80 Ranged,Elite,200,
1556,Desert,Equip Tumeken’s Shadow.,85 Magic,Master,400,
1557,Desert,Equip a Lightbearer.,45 Hitpoints,Hard,80,
1558,Desert,Equip a Dragon 2h Sword.,60 Attack,Hard,80,
1559,Desert,Equip a Dragon Chainbody Ornament Kit.,60 Defence,Hard,80,
1560,Desert,Equip a Pharaoh’s Sceptre.,60 Magic,Hard,80,
1561,Desert,Equip Infinity Boots.,50 Magic,Medium,30,
1562,Desert,Equip Infinity Robes.,50 Magic,Medium,30,
1563,Desert,Equip Mage’s Book.,60 Magic,Medium,30,
1564,Kandarin,Equip a Dragon Warhammer.,60 Attack,Hard,80,
1565,Kandarin,Equip Ranger Boots.,40 Ranged,Hard,80,
1566,Kandarin,Equip Robin Hood Hat.,40 Ranged,Medium,30,
1567,Kandarin,Equip a Seercull.,50 Ranged,Medium,30,
1568,Kandarin,Equip Granite Legs.,50 Defence,Medium,30,
1569,Kandarin,Equip Granite Boots.,50 Defence,Medium,30,
1570,Kandarin,Equip Granite Shield.,50 Defence,Medium,30,
1571,Kandarin,Equip a Mystic Hat (Dark).,40 Magic,Medium,30,
1572,Kandarin,Equip a Dragon Full Helmet.,60 Defence,Hard,80,
1573,Kandarin,Equip a Dragon Platelegs.,60 Defence,Hard,80,
1574,Kandarin,Equip a Dragon Plateskirt.,60 Defence,Hard,80,
1575,Kandarin,Equip a Heavy Ballista.,75 Ranged,Hard,80,
1576,Kandarin,Equip a Light Ballista.,65 Ranged,Hard,80,
1577,Kandarin,Equip Zenyte Jewellery.,80 Crafting,Elite,200,
1578,Kandarin,Equip a Torture Amulet.,75 Hitpoints,Elite,200,
1579,Kandarin,Equip a Necklace of Anguish.,75 Ranged,Elite,200,
1580,Kandarin,Equip a Tormented Bracelet.,75 Magic,Elite,200,
1581,Kandarin,Equip a Ring of Suffering.,75 Defence,Elite,200,
1582,Kandarin,Equip a Dragon Scimitar Ornament Kit.,60 Attack,Hard,80,
1583,Tirannwn,Equip a Crystal Bow.,70 Ranged,Hard,80,
1584,Tirannwn,Equip a Crystal Shield.,70 Defence,Hard,80,
1585,Tirannwn,Equip Crystal Armour.,70 Defence,Hard,80,
1586,Tirannwn,Equip a Blade of Saeldor.,75 Attack,Elite,200,
1587,Tirannwn,Equip a Bow of Faerdhinen.,80 Ranged,Elite,200,
1588,Tirannwn,Equip a Crystal Tool Seed Item.,70 Skill Requirement,Hard,80,
1589,Tirannwn,Equip a Crystal Helm.,70 Defence,Hard,80,
1590,Tirannwn,Equip Crystal Legs.,70 Defence,Hard,80,
1591,Tirannwn,Equip a Crystal Body.,70 Defence,Hard,80,
1592,Kourend,Equip Dragon Claws.,60 Attack,Elite,200,
1593,Kourend,Equip Dinh’s Bulwark.,75 Defence,Elite,200,
1594,Kourend,Equip Ancestral Robes.,75 Magic,Elite,200,
1595,Kourend,Equip a Twisted Bow.,85 Ranged,Master,400,
1596,Kourend,Equip a Kodai Wand.,75 Magic,Master,400,
1597,Kourend,Equip a Dragon Hunter Crossbow.,65 Ranged,Elite,200,
1598,Kourend,Equip Dragon Hunter Lance.,70 Attack,Elite,200,
1599,Kourend,Equip a Brimstone Ring.,60 Combat,Hard,80,
1600,Kourend,Equip Brimstone Boots.,60 Defence,Hard,80,
1601,Kourend,Equip a Hydra Leather Item.,70 Ranged,Hard,80,
1602,Kourend,Equip Ferocious Gloves.,80 Defence,Elite,200,
1603,Kourend,Equip a Tome of Fire.,50 Magic,Medium,30,
1604,Kourend,Equip a Tome of Water.,50 Magic,Medium,30,
1605,Kourend,Equip a Dusk Mystic Set Piece.,40 Magic,Medium,30,
1606,Kourend,Equip a Xerician Robe Top.,20 Magic,Easy,10,
1607,Kourend,Equip a Xerician Robe Bottom.,20 Magic,Easy,10,
1608,Kourend,Equip a Xerician Hat.,20 Magic,Easy,10,
1609,Kourend,Equip a Dark Totem Piece Reward.,60 Combat,Hard,80,
1610,Kourend,Equip an Ancient Shard Charged Weapon.,75 Combat,Hard,80,
1611,Kourend,Equip a Konar Slayer Helmet Variant.,55 Crafting,Hard,80,
1612,Varlamore,Equip Sunfire Fanatic Armour.,66 Defence,Hard,80,
1613,Varlamore,Equip Dual Macuahuitl.,70 Attack,Hard,80,
1614,Varlamore,Equip Blood Moon Armour.,75 Defence,Hard,80,
1615,Varlamore,Equip Blue Moon Armour.,75 Magic,Hard,80,
1616,Varlamore,Equip Eclipse Moon Armour.,75 Ranged,Hard,80,
1617,Varlamore,Equip a Sunfire Crossbow.,70 Ranged,Hard,80,
1618,Varlamore,Equip a Colossal Blade.,60 Attack,Hard,80,
1619,Varlamore,Equip a Dizana’s Quiver.,80 Ranged,Elite,200,
1620,Varlamore,Equip a Tonalztics of Ralos.,75 Ranged,Elite,200,
1621,Varlamore,Equip a Glacial Temotli.,75 Attack,Hard,80,
1622,Karamja,Equip an Obsidian Cape.,60 Defence,Hard,80,
1623,Karamja,Equip an Obsidian Shield.,60 Defence,Hard,80,
1624,Karamja,Equip an Obsidian Maul.,60 Attack,Hard,80,
1625,Karamja,Equip Toktz-xil-ak.,60 Ranged,Hard,80,
1626,Karamja,Equip Toktz-ket-xil.,60 Defence,Hard,80,
1627,Karamja,Equip a Fire Cape.,75 Combat,Elite,200,
1628,Karamja,Equip Infernal Cape.,85 Combat,Elite,200,
1629,Karamja,Equip a Dragon Harpoon.,61 Fishing,Hard,80,
1630,Karamja,Equip a Toktz-mej-tal.,60 Magic,Hard,80,
1631,Karamja,Equip an Obsidian Armour Piece.,60 Defence,Hard,80,
1632,General,Equip a Twisted Ornament Kit Item.,75 Combat,Elite,200,
1633,General,Equip a Trailblazer Ornament Kit Item.,75 Combat,Elite,200,
1634,General,Equip a Third Age Item.,65 Defence,Elite,200,
1635,General,Equip a Gilded Item.,40 Defence,Hard,80,
1636,General,Equip Ranger Gloves.,40 Ranged,Medium,30,
1637,General,Equip Holy Sandals.,31 Prayer,Medium,30,
1638,General,Equip Wizard Boots.,50 Magic,Medium,30,
1639,General,Equip a Fury Ornament Kit Item.,75 Hitpoints,Hard,80,
1640,General,Equip an Eternal Glory.,80 Magic,Elite,200,
1641,General,Equip a Dragonbone Upgrade Item.,70 Prayer,Hard,80,
1642,General,Equip a Pet Transmog Cosmetic.,75 Combat,Elite,200,
1643,General,Equip a Clue Scroll Reward Weapon.,40 Combat,Medium,30,
1644,General,Equip a Clue Scroll Reward Armour Piece.,40 Defence,Medium,30,
1645,General,Equip a Clue Scroll Reward Cosmetic.,20 Combat,Easy,10,
1646,General,Equip a Golden Treasure Trail Item.,60 Combat,Hard,80,
1647,General,Equip an Ornament Kit Enhanced Weapon.,75 Combat,Elite,200,
1648,General,Equip a Robin Hood Hat.,40 Ranged,Hard,80,
1649,General,Equip Ranger Boots.,40 Ranged,Hard,80,
1650,General,Equip Holy Sandals.,31 Prayer,Medium,30,
1651,General,Equip Wizard Boots.,50 Magic,Medium,30,
1652,General,Equip a Black Elegant Shirt.,,Medium,30,
1653,General,Equip Black Elegant Legs.,,Medium,30,
1654,General,Equip a Red Elegant Shirt.,,Medium,30,
1655,General,Equip Red Elegant Legs.,,Medium,30,
1656,General,Equip a Green Elegant Shirt.,,Medium,30,
1657,General,Equip Green Elegant Legs.,,Medium,30,
1658,General,Equip a Blue Elegant Shirt.,,Medium,30,
1659,General,Equip Blue Elegant Legs.,,Medium,30,
1660,General,Equip a Zamorak Platebody.,40 Defence,Medium,30,
1661,General,Equip a Saradomin Platebody.,40 Defence,Medium,30,
1662,General,Equip a Guthix Platebody.,40 Defence,Medium,30,
1663,General,Equip a Zamorak Full Helm.,40 Defence,Medium,30,
1664,General,Equip a Saradomin Full Helm.,40 Defence,Medium,30,
1665,General,Equip a Guthix Full Helm.,40 Defence,Medium,30,
1666,General,Equip Zamorak Platelegs.,40 Defence,Medium,30,
1667,General,Equip Saradomin Platelegs.,40 Defence,Medium,30,
1668,General,Equip Guthix Platelegs.,40 Defence,Medium,30,
1669,General,Equip a Zamorak Kiteshield.,40 Defence,Medium,30,
1670,General,Equip a Saradomin Kiteshield.,40 Defence,Medium,30,
1671,General,Equip a Guthix Kiteshield.,40 Defence,Medium,30,
1672,General,Equip a Zamorak Crozier.,60 Prayer,Hard,80,
1673,General,Equip a Saradomin Crozier.,60 Prayer,Hard,80,
1674,General,Equip a Guthix Crozier.,60 Prayer,Hard,80,
1675,General,Equip a Bandos Crozier.,60 Prayer,Hard,80,
1676,General,Equip an Armadyl Crozier.,60 Prayer,Hard,80,
1677,General,Equip a Gilded Full Helm.,40 Defence,Hard,80,
1678,General,Equip a Gilded Platebody.,40 Defence,Hard,80,
1679,General,Equip Gilded Platelegs.,40 Defence,Hard,80,
1680,General,Equip Gilded Boots.,40 Defence,Hard,80,
1681,General,Equip Gilded Gloves.,40 Defence,Hard,80,
1682,General,Equip a Gilded Kiteshield.,40 Defence,Hard,80,
1683,General,Equip a Gilded Med Helm.,40 Defence,Hard,80,
1684,General,Equip a Gilded Chainbody.,40 Defence,Hard,80,
1685,General,Equip a Gilded Sq Shield.,40 Defence,Hard,80,
1686,General,Equip a Gilded 2h Sword.,40 Attack,Hard,80,
1687,Desert,Equip an Infinity Hat.,50 Magic,Medium,30,
1688,Desert,Equip an Infinity Top.,50 Magic,Medium,30,
1689,Desert,Equip Infinity Bottoms.,50 Magic,Medium,30,
1690,Desert,Equip Infinity Boots.,50 Magic,Medium,30,
1691,Desert,Equip a Mage’s Book.,60 Magic,Medium,30,
1692,Desert,Equip a Master Wand.,60 Magic,Hard,80,
1693,General,Equip a Dragon Cane.,60 Attack,Hard,80,
1694,General,Equip a Black Cavalier.,,Medium,30,
1695,General,Equip a Red Cavalier.,,Medium,30,
1696,General,Equip a White Cavalier.,,Medium,30,
1697,General,Equip a Ranger Tunic.,40 Ranged,Hard,80,
1698,General,Equip Ranger Tights.,40 Ranged,Hard,80,
1699,General,Equip Ranger Gloves.,40 Ranged,Medium,30,
1700,General,Equip a Powdered Wig.,,Easy,10,
1701,General,Equip a 3rd Age Range Coif.,65 Ranged,Elite,200,
1702,General,Equip 3rd Age Range Top.,65 Ranged,Elite,200,
1703,General,Equip 3rd Age Range Legs.,65 Ranged,Elite,200,
1704,General,Equip a 3rd Age Bow.,65 Ranged,Elite,200,
1705,General,Equip a 3rd Age Cloak.,65 Defence,Elite,200,
1706,General,Equip 3rd Age Vambraces.,65 Ranged,Elite,200,
1707,General,Equip 3rd Age Mage Hat.,65 Magic,Elite,200,
1708,General,Equip 3rd Age Robe Top.,65 Magic,Elite,200,
1709,General,Equip 3rd Age Robe Bottom.,65 Magic,Elite,200,
1710,General,Equip a 3rd Age Amulet.,65 Magic,Elite,200,
1711,General,Equip a 3rd Age Wand.,65 Magic,Elite,200,
1712,General,Equip 3rd Age Mage Legs.,65 Magic,Elite,200,
1713,General,Equip 3rd Age Full Helmet.,65 Defence,Elite,200,
1714,General,Equip 3rd Age Platebody.,65 Defence,Elite,200,
1715,General,Equip 3rd Age Platelegs.,65 Defence,Elite,200,
1716,General,Equip a 3rd Age Kiteshield.,65 Defence,Elite,200,
1717,General,Equip a 3rd Age Longsword.,65 Attack,Elite,200,
1718,General,Equip a 3rd Age Axe.,65 Attack,Elite,200,
1719,General,Equip a 3rd Age Pickaxe.,65 Mining,Elite,200,
1720,General,Equip a 3rd Age Druidic Cloak.,65 Prayer,Elite,200,
1721,General,Equip 3rd Age Druidic Robe Top.,65 Prayer,Elite,200,
1722,General,Equip 3rd Age Druidic Robe Bottoms.,65 Prayer,Elite,200,
1723,General,Equip 3rd Age Druidic Staff.,65 Prayer,Elite,200,
1724,General,Equip a Firelighter.,50 Firemaking,Medium,30,
1725,General,Equip Purple Firelighter.,50 Firemaking,Medium,30,
1726,General,Equip Red Firelighter.,50 Firemaking,Medium,30,
1727,General,Equip White Firelighter.,50 Firemaking,Medium,30,
1728,General,Equip Green Firelighter.,50 Firemaking,Medium,30,
1729,General,Equip Blue Firelighter.,50 Firemaking,Medium,30,
1730,General,Equip a Briefcase.,,Easy,10,
1731,General,Equip a Pirate Hat.,,Easy,10,
1732,General,Equip a Fremennik Kilt.,,Easy,10,
1733,General,Equip a Sleeping Cap.,,Easy,10,
1734,General,Equip a Bob Shirt.,,Easy,10,
1735,General,Equip a Highwayman Mask.,,Medium,30,
1736,General,Equip a Rune Heraldic Shield.,40 Defence,Medium,30,
1737,General,Equip a Rune Heraldic Helm.,40 Defence,Medium,30,
1738,General,Equip a Heraldic Platebody.,40 Defence,Medium,30,
1739,General,Equip any Piece of 3rd Age Armour.,65 Defence,Elite,200,
1740,General,Equip any Piece of 3rd Age Range Armour.,65 Ranged,Elite,200,
1741,General,Equip any Piece of 3rd Age Mage Armour.,65 Magic,Elite,200,
1742,General,Equip any Piece of 3rd Age Druidic Armour.,65 Prayer,Elite,200,
1743,General,Equip any Gilded Armour Piece.,40 Defence,Hard,80,
1744,General,Equip a God Rune Armour Piece.,40 Defence,Medium,30,
1745,General,Equip a God Dragonhide Armour Set.,40 Ranged,Hard,80,
1746,General,Equip Blessed Dragonhide Boots.,40 Ranged,Medium,30,
1747,General,Equip Blessed Dragonhide Chaps.,40 Ranged,Medium,30,
1748,General,Equip Blessed Dragonhide Body.,40 Ranged,Medium,30,
1749,General,Equip Blessed Dragonhide Coif.,40 Ranged,Medium,30,
1750,General,Equip a Fury Ornament Kit Item.,75 Hitpoints,Elite,200,
1751,General,Equip an Anguish Ornament Kit Item.,75 Ranged,Elite,200,
1752,General,Equip a Torture Ornament Kit Item.,75 Hitpoints,Elite,200,
1753,General,Equip a Tormented Ornament Kit Item.,75 Magic,Elite,200,
1754,General,Equip a Dragon Defender Ornament Kit Item.,60 Defence,Hard,80,
1755,General,Equip a Dragon Boots Ornament Kit Item.,60 Defence,Hard,80,
1756,General,Equip a Rune Scimitar Ornament Kit Item.,40 Attack,Medium,30,
1757,General,Equip a Dragon Scimitar Ornament Kit Item.,60 Attack,Hard,80,
1758,General,Equip a Dragon Chainbody Ornament Kit Item.,60 Defence,Hard,80,
1759,General,Equip a God Book.,50 Prayer,Medium,30,
1760,General,Equip a Holy Book.,50 Prayer,Medium,30,
1761,General,Equip an Unholy Book.,50 Prayer,Medium,30,
1762,General,Equip a Book of Balance.,50 Prayer,Medium,30,
1763,General,Equip a Book of War.,50 Prayer,Medium,30,
1764,General,Equip a Book of Law.,50 Prayer,Medium,30,
1765,General,Equip a Book of Darkness.,50 Prayer,Medium,30,
